Placa,Grupo,Modelo_Original,Modelo_Padrao,Modelo_Simplificado
ACX8999,Pesado,DUCATO CARGO 2.8 CURTO/LONGO TB DIESEL,FIAT DUCATO,FIAT DUCATO
ASU8677,Kombi,KOMBI FURGÃO 1.4 MI TOTAL FLEX 8V,VW KOMBI,VW KOMBI
AXA7630,Kombi,KOMBI STANDARD 1.4 MI TOTAL FLEX 8V,VW KOMBI,VW KOMBI
AXH4H84,Kombi,KOMBI STANDARD 1.4 MI TOTAL FLEX 8V,VW KOMBI,VW KOMBI
AXV6J76,Kombi,KOMBI STANDARD 1.4 MI TOTAL FLEX 8V,VW KOMBI,VW KOMBI
BAJ7268,Caminhão4.2Ton,8-160 E DELIVERY 2P (DIESEL)(E5),VW 8  160,CAMINHÃO 3/4
BAJ7269,Caminhão4.2Ton,8-160 E DELIVERY 2P (DIESEL)(E5),VW 8  160,CAMINHÃO 3/4
BAV9082,Pesado,MASTER 2.8 FURGÃO 85CV DIESEL CURTO,RENAULT MASTER,RENAULT MASTER
BAV9112,Pesado,MASTER 2.8 FURGÃO 85CV DIESEL CURTO,RENAULT MASTER,RENAULT MASTER
BBH4B56,Pesado,SPRINTER 415 VAN STANDARD T.A. 2.2 DIES.,MB SPRINTER,MB SPRINTER
BBS1662,Pesado,SPRINTER 311 STREET STD. 2.2 16LUG. DIES,MB SPRINTER,MB SPRINTER
BBV7271,Pesado,SPRINTER 313 FURGÃO LONGO 2.2 129CV DIES,MB SPRINTER,MB SPRINTER
BBW0C96,Caminhão12Ton,CARGO 2423 E 6X2 TURBO 2P (DIESEL)(E5),FORD CARGO 2423,CAMINHÃO TRUCK
BBX3631,Pesado,SPRINTER 313 VAN STREET STD. 16L. DIES.,MB SPRINTER,MB SPRINTER
BCC9492,Leve,GOL 1.0 TREND/ POWER 8V 4P,VW GOL 1 0,VW GOL
BCC9519,Leve,GOL 1.0 TREND/ POWER 8V 4P,VW GOL 1 0,VW GOL
BCH3095,Leve,UNO ATTRACTIVE 1.0 FIRE FLEX 8V 5P,FIAT UNO,FIAT UNO
BCI3G04,Médio,STRADA WORKING HARD 1.4 FIRE FLEX 8V CS,FIAT STRADA,FIAT STRADA
BCJ2731,Leve,ONIX HATCH JOY 1.0 8V FLEX 5P MEC.,GM ONIX,GM ONIX
BCJ7J75,Médio,STRADA WORKING HARD 1.4 FIRE FLEX 8V CS,FIAT STRADA,FIAT STRADA
BCJ9B46,Médio,STRADA WORKING HARD 1.4 FIRE FLEX 8V CS,FIAT STRADA,FIAT STRADA
BCN5C73,Médio,SAVEIRO ROBUST 1.6 TOTAL FLEX 8V,VW SAVEIRO,VW SAVEIRO
BCN5C75,Médio,SAVEIRO ROBUST 1.6 TOTAL FLEX 8V,VW SAVEIRO,VW SAVEIRO
BCN5C76,Médio,SAVEIRO ROBUST 1.6 TOTAL FLEX 8V,VW SAVEIRO,VW SAVEIRO
BCN5C78,Médio,SAVEIRO ROBUST 1.6 TOTAL FLEX 8V,VW SAVEIRO,VW SAVEIRO
BCN8I58,Pesado,SPRINTER 313 VAN STREET STD. 16L. DIES.,MB SPRINTER,MB SPRINTER
BCN9F78,Médio,FIORINO FURGÃO WORK. HARD 1.4 FLEX 8V 2P,FIAT FIORINO,FIAT FIORINO
BCO1B96,Médio,FIORINO FURGÃO WORK. HARD 1.4 FLEX 8V 2P,FIAT FIORINO,FIAT FIORINO
BCP6661,Leve,ONIX HATCH JOY 1.0 8V FLEX 5P MEC.,GM ONIX,GM ONIX
BCQ3258,Leve,ONIX HATCH JOY 1.0 8V FLEX 5P MEC.,GM ONIX,GM ONIX
BCQ3293,Leve,ONIX HATCH JOY 1.0 8V FLEX 5P MEC.,GM ONIX,GM ONIX
BCQ7135,Pesado,SPRINTER 415 VAN STANDARD T.A. 2.2 DIES.,MB SPRINTER,MB SPRINTER
BCQ7150,Pesado,SPRINTER 415 VAN STANDARD T.A. 2.2 DIES.,MB SPRINTER,MB SPRINTER
BCQ7154,Pesado,SPRINTER 415 VAN STANDARD T.A. 2.2 DIES.,MB SPRINTER,MB SPRINTER
BCQ7156,Pesado,SPRINTER 415 VAN STANDARD T.A. 2.2 DIES.,MB SPRINTER,MB SPRINTER
BCQ7158,Pesado,SPRINTER 415 FURGÃO LON.T.ALTO 2.2 DIES,MB SPRINTER,MB SPRINTER
BCQ7519,Pesado,DUCATO CARGO CURTO 2.3 16V DIESEL,FIAT DUCATO,FIAT DUCATO
BCQ7B44,Pesado,SPRINTER 415 FURGÃO LON.T.ALTO 2.2 DIES,MB SPRINTER,MB SPRINTER
BCQ7B49,Pesado,SPRINTER 415 VAN STANDARD T.A. 2.2 DIES.,MB SPRINTER,MB SPRINTER
BCQ7B53,Pesado,SPRINTER 415 FURGÃO LON.T.ALTO 2.2 DIES,MB SPRINTER,MB SPRINTER
BCQ7B55,Pesado,SPRINTER 415 FURGÃO LON.T.ALTO 2.2 DIES,MB SPRINTER,MB SPRINTER
BCS8D11,Médio,STRADA WORKING HARD 1.4 FIRE FLEX 8V CS,FIAT STRADA,FIAT STRADA
BCS8D34,Pesado,DUCATO CHASSI 2.3 16V DIESEL,FIAT DUCATO CHASSI,FIAT DUCATO
BCS8D41,Leve,UNO ATTRACTIVE 1.0 FIRE FLEX 8V 5P,FIAT UNO,FIAT UNO
BCS8D48,Leve,UNO ATTRACTIVE 1.0 FIRE FLEX 8V 5P,FIAT UNO,FIAT UNO
BCS8E03,Médio,STRADA WORKING HARD 1.4 FIRE FLEX 8V CS,FIAT STRADA,FIAT STRADA
BCS8F03,Médio,SAVEIRO ROBUST 1.6 TOTAL FLEX 8V,VW SAVEIRO,VW SAVEIRO
BCS8F15,Leve,GOL 1.0 FLEX 12V 5P,VW GOL 1 0,VW GOL
BCS8J35,Médio,SAVEIRO ROBUST 1.6 TOTAL FLEX 8V,VW SAVEIRO,VW SAVEIRO
BCT9F37,Pesado,DUCATO CARGO MÉDIO 2.3 16V DIESEL,FIAT DUCATO,FIAT DUCATO
BCV8D45,Caminhão12Ton,CARGO 2423 E 6X2 TURBO 2P (DIESEL)(E5),FORD CARGO 2423,CAMINHÃO TRUCK
BCV8D47,Caminhão12Ton,CARGO 2423 E 6X2 TURBO 2P (DIESEL)(E5),FORD CARGO 2423,CAMINHÃO TRUCK
BCV9J79,Caminhão12Ton,CARGO 2423 E 6X2 TURBO 2P (DIESEL)(E5),FORD CARGO 2423,CAMINHÃO TRUCK
BCX6C13,Leve,ONIX HATCH JOY 1.0 8V FLEX 5P MEC.,GM ONIX,GM ONIX
BCY4D22,Médio,STRADA WORKING HARD 1.4 FIRE FLEX 8V CS,FIAT STRADA,FIAT STRADA
BCY4D56,Médio,STRADA WORKING HARD 1.4 FIRE FLEX 8V CS,FIAT STRADA,FIAT STRADA
BCY5F19,Caminhão12Ton,CARGO 2423 E 6X2 TURBO 2P (DIESEL)(E5),FORD CARGO 2423,CAMINHÃO BITRUCK
BCY8C39,Leve,GOL 1.0 FLEX 12V 5P,VW GOL 1 0,VW GOL
BCY8J01,Pesado,MASTER 2.8 FURGÃO 85CV DIESEL CURTO,RENAULT MASTER,RENAULT MASTER
BCY8J02,Pesado,MASTER 2.8 FURGÃO 85CV DIESEL CURTO,RENAULT MASTER,RENAULT MASTER
BCY8J17,Médio,FIORINO FURGÃO WORK. HARD 1.4 FLEX 8V 2P,FIAT FIORINO,FIAT FIORINO
BCY8J18,Pesado,MASTER 2.8 FURGÃO 85CV DIESEL CURTO,RENAULT MASTER,RENAULT MASTER
BCZ3J21,Pesado,MASTER 2.3 DCI GRAND FURGÃO16V DIESEL,RENAULT MASTER,RENAULT MASTER
BCZ3J22,Pesado,MASTER 2.8 FURGÃO 85CV DIESEL CURTO,RENAULT MASTER,RENAULT MASTER
BCZ3J23,Pesado,MASTER 2.8 FURGÃO 85CV DIESEL CURTO,RENAULT MASTER,RENAULT MASTER
BCZ7B03,Pesado,MASTER 2.8 FURGÃO 85CV DIESEL CURTO,RENAULT MASTER,RENAULT MASTER
BCZ8J97,Leve,UNO DRIVE 1.0 FLEX 6V 5P,FIAT UNO,FIAT UNO
BDC6I45,Médio,SAVEIRO ROBUST 1.6 TOTAL FLEX 8V,VW SAVEIRO,VW SAVEIRO
BDC6I49,Médio,SAVEIRO ROBUST 1.6 TOTAL FLEX 8V,VW SAVEIRO,VW SAVEIRO
BDC6I51,Médio,SAVEIRO ROBUST 1.6 TOTAL FLEX 8V,VW SAVEIRO,VW SAVEIRO
BDC7G72,Médio,SAVEIRO ROBUST 1.6 TOTAL FLEX 8V,VW SAVEIRO,VW SAVEIRO
BDC9J75,Pesado,MASTER 2.8 FURGÃO 85CV DIESEL CURTO,RENAULT MASTER,RENAULT MASTER
BDC9J76,Pesado,MASTER 2.3 DCI EXTRA FURGÃO 16V DIESEL,RENAULT MASTER,RENAULT MASTER
BDC9J78,Pesado,MASTER 2.8 FURGÃO 85CV DIESEL CURTO,RENAULT MASTER,RENAULT MASTER
BDC9J79,Pesado,MASTER 2.8 FURGÃO 85CV DIESEL CURTO,RENAULT MASTER,RENAULT MASTER
BDC9J82,Pesado,MASTER 2.8 FURGÃO 85CV DIESEL CURTO,RENAULT MASTER,RENAULT MASTER
BDC9J83,Pesado,MASTER 2.3 DCI FURGÃO 16V DIESEL,RENAULT MASTER CURTA,RENAULT MASTER
BDC9J85,Pesado,MASTER 2.8 FURGÃO 85CV DIESEL CURTO,RENAULT MASTER,RENAULT MASTER
BDC9J86,Pesado,MASTER 2.8 FURGÃO 85CV DIESEL CURTO,RENAULT MASTER,RENAULT MASTER
BDD0B32,Pesado,MASTER 2.8 FURGÃO 85CV DIESEL CURTO,RENAULT MASTER,RENAULT MASTER
BDD0B37,Pesado,MASTER 2.3 DCI EXTRA FURGÃO 16V DIESEL,RENAULT MASTER,RENAULT MASTER
BDD0B38,Pesado,MASTER 2.3 DCI EXTRA FURGÃO 16V DIESEL,RENAULT MASTER,RENAULT MASTER
BDD3B63,Pesado,MASTER 2.8 FURGÃO 85CV DIESEL CURTO,RENAULT MASTER,RENAULT MASTER
BDD3B65,Pesado,MASTER 2.3 DCI EXTRA FURGÃO 16V DIESEL,RENAULT MASTER,RENAULT MASTER
BDD3B67,Caminhão4.2Ton,CARGO 816 E/816 S TURBO 2P (DIESEL)(E5),FORD CARGO 816 S,CAMINHÃO 3/4
BDD3B68,Pesado,MASTER 2.8 FURGÃO 85CV DIESEL CURTO,RENAULT MASTER,RENAULT MASTER
BDD3B71,Caminhão4.2Ton,CARGO 816 E/816 S TURBO 2P (DIESEL)(E5),FORD CARGO 816 S,CAMINHÃO 3/4
BDD3B73,Caminhão4.2Ton,CARGO 816 E/816 S TURBO 2P (DIESEL)(E5),FORD CARGO 816 S,CAMINHÃO 3/4
BDD4A12,Leve,GOL 1.6 MSI FLEX 8V 5P,VW GOL 1 6,VW GOL
BDD4A14,Leve,GOL 1.6 MI POWER TOTAL FLEX 8V 4P,VW GOL 1 6,VW GOL
BDD6E16,Pesado,DUCATO MAXICARGO 2.3 16V DIESEL,FIAT DUCATO,FIAT DUCATO
BDD6E20,Pesado,DUCATO MAXICARGO 2.3 16V DIESEL,FIAT DUCATO,FIAT DUCATO
BDD6F94,Caminhão4.2Ton,CARGO 816 E/816 S TURBO 2P (DIESEL)(E5),FORD CARGO 816 S,CAMINHÃO 3/4
BDD6J41,Moto,CG 160 FAN ESDI FLEXONE,CG 160,MOTO CG
BDE1E73,Caminhão4.2Ton,CARGO 816 E/816 S TURBO 2P (DIESEL)(E5),FORD CARGO 816 S,CAMINHÃO 3/4
BDE2G99,Médio,STRADA WORKING HARD 1.4 FIRE FLEX 8V CS,FIAT STRADA,FIAT STRADA
BDE2H14,Médio,STRADA WORKING HARD 1.4 FIRE FLEX 8V CS,FIAT STRADA,FIAT STRADA
BDE2H17,Médio,STRADA WORKING HARD 1.4 FIRE FLEX 8V CS,FIAT STRADA,FIAT STRADA
BDE2H29,Médio,STRADA WORKING HARD 1.4 FIRE FLEX 8V CS,FIAT STRADA,FIAT STRADA
BDE6J88,Caminhão4.2Ton,CARGO 816 E/816 S TURBO 2P (DIESEL)(E5),FORD CARGO 816 S,CAMINHÃO 3/4
BDF4I79,Médio,STRADA WORKING HARD 1.4 FIRE FLEX 8V CS,FIAT STRADA,FIAT STRADA
BDF6H37,Leve,GOL 1.6 MSI FLEX 8V 5P,VW GOL 1 6,VW GOL
BDF6H38,Leve,GOL 1.6 MSI FLEX 8V 5P,VW GOL 1 6,VW GOL
BDF6H45,Leve,GOL 1.6 MSI FLEX 8V 5P,VW GOL 1 6,VW GOL
BDI3D70,Médio,STRADA WORKING HARD 1.4 FIRE FLEX 8V CS,FIAT STRADA,FIAT STRADA
BDI5H52,Médio,STRADA WORKING HARD 1.4 FIRE FLEX 8V CS,FIAT STRADA,FIAT STRADA
BDI6I13,Pesado,DUCATO MAXICARGO 2.3 16V DIESEL,FIAT DUCATO,FIAT DUCATO
BDI9G34,Médio,STRADA WORKING HARD 1.4 FIRE FLEX 8V CS,FIAT STRADA,FIAT STRADA
BDK7C03,Leve,UNO DRIVE 1.0 FLEX 6V 5P,FIAT UNO,FIAT UNO
BDL4B04,Médio,STRADA WORKING HARD 1.4 FIRE FLEX 8V CS,FIAT STRADA,FIAT STRADA
BDL9G03,Leve,UNO ATTRACTIVE 1.0 FIRE FLEX 8V 5P,FIAT UNO,FIAT UNO
BDM6A46,Médio,SAVEIRO ROBUST 1.6 TOTAL FLEX 8V,VW SAVEIRO,VW SAVEIRO
BDN7J86,Leve,GOL 1.6 MSI FLEX 8V 5P,VW GOL 1 6,VW GOL
BDN7J89,Leve,GOL 1.6 MSI FLEX 8V 5P,VW GOL 1 6,VW GOL
BDN9C56,Caminhão4.2Ton,CARGO 816 E/816 S TURBO 2P (DIESEL)(E5),FORD CARGO 816 S,CAMINHÃO 3/4
BDN9H23,Pesado,S10 PICK-UP LS 2.4 F.POWER 4X2 CS,GM S10,GM S10
BDO4A59,Médio,STRADA WORKING HARD 1.4 FIRE FLEX 8V CS,FIAT STRADA,FIAT STRADA
BDP9A84,Leve,UNO DRIVE 1.0 FLEX 6V 5P,FIAT UNO,FIAT UNO
BDQ7G14,Leve,UNO DRIVE 1.0 FLEX 6V 5P,FIAT UNO,FIAT UNO
BDQ7J83,Leve,ONIX HATCH JOY 1.0 8V FLEX 5P MEC.,GM ONIX,GM ONIX
BDQ8A27,Leve,ONIX HATCH JOY 1.0 8V FLEX 5P MEC.,GM ONIX,GM ONIX
BDQ8B16,Leve,ONIX HATCH LT 1.0 12V FLEX 5P MEC.,GM ONIX,GM ONIX
BDS2F92,Leve,GOL 1.0 FLEX 12V 5P,VW GOL 1 0,VW GOL
BDS2F96,Leve,GOL 1.0 FLEX 12V 5P,VW GOL 1 0,VW GOL
BDS2G17,Leve,GOL 1.0 FLEX 12V 5P,VW GOL 1 0,VW GOL
BDS2G23,Leve,GOL 1.0 FLEX 12V 5P,VW GOL 1 0,VW GOL
BDS2G31,Leve,GOL 1.0 FLEX 12V 5P,VW GOL 1 0,VW GOL
BDS2G43,Leve,GOL 1.0 FLEX 12V 5P,VW GOL 1 0,VW GOL
BDS2G79,Leve,GOL 1.0 FLEX 12V 5P,VW GOL 1 0,VW GOL
BDS2H24,Leve,GOL 1.0 FLEX 12V 5P,VW GOL 1 0,VW GOL
BDS2H51,Leve,GOL 1.0 FLEX 12V 5P,VW GOL 1 0,VW GOL
BDS2H55,Leve,GOL 1.0 FLEX 12V 5P,VW GOL 1 0,VW GOL
BDS2H58,Leve,GOL 1.0 FLEX 12V 5P,VW GOL 1 0,VW GOL
BDS2H60,Leve,GOL 1.0 FLEX 12V 5P,VW GOL 1 0,VW GOL
BDS2H62,Leve,GOL 1.0 FLEX 12V 5P,VW GOL 1 0,VW GOL
BDS2H70,Leve,GOL 1.0 FLEX 12V 5P,VW GOL 1 0,VW GOL
BDS2I16,Leve,GOL 1.0 FLEX 12V 5P,VW GOL 1 0,VW GOL
BDS4A75,Leve,ONIX HATCH JOY 1.0 8V FLEX 5P MEC.,GM ONIX,GM ONIX
BDU5G74,Caminhão12Ton,24-280 E CONSTEL. 8X2 2P (DIESEL)(E5),VW 24 280,CAMINHÃO TRUCK
BDU5G85,Caminhão12Ton,24-280 E CONSTEL. 8X2 2P (DIESEL)(E5),VW 24 280,CAMINHÃO TRUCK
BDU5G86,Caminhão12Ton,24-280 E CONSTEL. 6X2 2P (DIESEL)(E5),VW 24 280,CAMINHÃO TRUCK
BDU6J33,Caminhão5Ton,9-170 DELIVERY 2P (DIESEL)(E5),VW 9 170,CAMINHÃO 3/4
BDV5E04,Leve,VOYAGE 1.6 MSI FLEX 8V 4P,VW VOYAGE,VW VOYAGE
BDV6G76,Pesado,HR 2.5 TCI DIESEL (RS/RD),HY HR,HY HR
BDV6G78,Pesado,HR 2.5 TCI DIESEL (RS/RD),HY HR,HY HR
BDW0J50,Moto,CG 160 START,CG 160,MOTO CG
BDW3F49,Pesado,DUCATO MAXICARGO 2.3 16V DIESEL,FIAT DUCATO,FIAT DUCATO
BDW3F61,Médio,FIORINO FURGÃO WORK. HARD 1.4 FLEX 8V 2P,FIAT FIORINO,FIAT FIORINO
BDW3F64,Médio,FIORINO FURGÃO WORK. HARD 1.4 FLEX 8V 2P,FIAT FIORINO,FIAT FIORINO
BDW4F10,Médio,SAVEIRO ROBUST 1.6 TOTAL FLEX 8V,VW SAVEIRO,VW SAVEIRO
BDW4F13,Médio,SAVEIRO ROBUST 1.6 TOTAL FLEX 8V,VW SAVEIRO,VW SAVEIRO
BDW4F16,Médio,SAVEIRO ROBUST 1.6 TOTAL FLEX 8V,VW SAVEIRO,VW SAVEIRO
BDX9F69,Médio,FIORINO FURGÃO WORK. HARD 1.4 FLEX 8V 2P,FIAT FIORINO,FIAT FIORINO
BDX9F70,Médio,FIORINO FURGÃO WORK. HARD 1.4 FLEX 8V 2P,FIAT FIORINO,FIAT FIORINO
BDY7I29,Caminhão12Ton,24-280 E CONSTEL. 6X2 2P (DIESEL)(E5),VW 24 280,CAMINHÃO TRUCK
BEA1I66,Leve,ONIX HATCH JOY 1.0 8V FLEX 5P MEC.,GM ONIX,GM ONIX
BEA9E56,Leve,VOYAGE 1.6 MSI FLEX 8V 4P,VW VOYAGE,VW VOYAGE
BEA9E63,Leve,VOYAGE 1.6 MSI FLEX 8V 4P,VW VOYAGE,VW VOYAGE
BEB5D58,Leve,VOYAGE 1.6 MSI FLEX 8V 4P,VW VOYAGE,VW VOYAGE
BEB5D72,Leve,VOYAGE 1.6 MSI FLEX 8V 4P,VW VOYAGE,VW VOYAGE
BEB5D94,Leve,VOYAGE 1.6 MSI FLEX 8V 4P,VW VOYAGE,VW VOYAGE
BEB5D96,Leve,VOYAGE 1.6 MSI FLEX 8V 4P,VW VOYAGE,VW VOYAGE
BEB7C51,Pesado,S10 PICK-UP LTZ 2.5 FLEX 4X2 CD,GM S10,GM S10
BEB7C52,Médio,STRADA WORKING HARD 1.4 FIRE FLEX 8V CS,FIAT STRADA,FIAT STRADA
BEB7C54,Médio,STRADA WORKING HARD 1.4 FIRE FLEX 8V CS,FIAT STRADA,FIAT STRADA
BEB7C55,Médio,STRADA WORKING HARD 1.4 FIRE FLEX 8V CS,FIAT STRADA,FIAT STRADA
BEB7C66,Médio,STRADA WORKING HARD 1.4 FIRE FLEX 8V CS,FIAT STRADA,FIAT STRADA
BEB7C69,Médio,FIORINO FURGÃO WORK. HARD 1.4 FLEX 8V 2P,FIAT FIORINO,FIAT FIORINO
BEB7C70,Médio,FIORINO FURGÃO WORK. HARD 1.4 FLEX 8V 2P,FIAT FIORINO,FIAT FIORINO
BEB7C71,Médio,FIORINO FURGÃO WORK. HARD 1.4 FLEX 8V 2P,FIAT FIORINO,FIAT FIORINO
BEB7C73,Médio,FIORINO FURGÃO WORK. HARD 1.4 FLEX 8V 2P,FIAT FIORINO,FIAT FIORINO
BEB9E20,Pesado,MASTER 2.3 DCI GRAND FURGÃO16V DIESEL,RENAULT MASTER,RENAULT MASTER
BED3G62,Médio,STRADA WORKING HARD 1.4 FIRE FLEX 8V CS,FIAT STRADA,FIAT STRADA
BEE5H50,Leve,ONIX HATCH JOY 1.0 8V FLEX 5P MEC.,GM ONIX,GM ONIX
BEE6B29,Pesado,MASTER 2.3 DCI GRAND FURGÃO16V DIESEL,RENAULT MASTER,RENAULT MASTER
BEE8B91,Médio,SAVEIRO ROBUST 1.6 TOTAL FLEX 8V,VW SAVEIRO,VW SAVEIRO
BEF0E36,Médio,SAVEIRO ROBUST 1.6 TOTAL FLEX 8V,VW SAVEIRO,VW SAVEIRO
BEF0E38,Médio,SAVEIRO ROBUST 1.6 TOTAL FLEX 8V,VW SAVEIRO,VW SAVEIRO
BEF6F72,Médio,SAVEIRO ROBUST 1.6 TOTAL FLEX 8V,VW SAVEIRO,VW SAVEIRO
BEF9E74,Médio,SAVEIRO ROBUST 1.6 TOTAL FLEX 8V,VW SAVEIRO,VW SAVEIRO
BEF9E75,Médio,SAVEIRO ROBUST 1.6 TOTAL FLEX 8V,VW SAVEIRO,VW SAVEIRO
BEG1F33,Médio,SAVEIRO ROBUST 1.6 TOTAL FLEX 8V,VW SAVEIRO,VW SAVEIRO
BEG6D98,Pesado,MASTER 2.3 DCI GRAND FURGÃO16V DIESEL,RENAULT MASTER,RENAULT MASTER
BEG7J06,Médio,STRADA ENDURANCE 1.4 FLEX 8V CS PLUS,FIAT STRADA,FIAT STRADA
BEH4A83,Médio,SAVEIRO ROBUST 1.6 TOTAL FLEX 8V,VW SAVEIRO,VW SAVEIRO
BEH4A84,Médio,SAVEIRO ROBUST 1.6 TOTAL FLEX 8V,VW SAVEIRO,VW SAVEIRO
BEH4A85,Médio,SAVEIRO ROBUST 1.6 TOTAL FLEX 8V,VW SAVEIRO,VW SAVEIRO
BEH8F17,Médio,SAVEIRO ROBUST 1.6 TOTAL FLEX 8V,VW SAVEIRO,VW SAVEIRO
BEH9B88,Leve,GOL 1.0 FLEX 12V 5P,VW GOL 1 0,VW GOL
BEH9G97,Médio,SAVEIRO ROBUST 1.6 TOTAL FLEX 8V,VW SAVEIRO,VW SAVEIRO
BEI1I51,Médio,SAVEIRO ROBUST 1.6 TOTAL FLEX 8V,VW SAVEIRO,VW SAVEIRO
BEJ7J54,Médio,STRADA ENDURANCE 1.4 FLEX 8V CS PLUS,FIAT STRADA,FIAT STRADA
BEJ9B74,Pesado,S10 PICK-UP LT 2.8 TDI 4X4 CD DIESEL AUT,GM S10 LT,GM S10
BEK3H44,Pesado,MASTER 2.3 DCI GRAND FURGÃO16V DIESEL,RENAULT MASTER,RENAULT MASTER
BEK3H46,Pesado,MASTER 2.3 DCI GRAND FURGÃO16V DIESEL,RENAULT MASTER,RENAULT MASTER
BEK3H48,Pesado,MASTER 2.3 DCI GRAND FURGÃO16V DIESEL,RENAULT MASTER,RENAULT MASTER
BEO4E39,Caminhão17Ton,30-280 CONSTELLATION 8X2 2P (DIESEL)(E5),VW 30 280,CAMINHÃO BITRUCK
BEO6I93,Caminhão12Ton,24-280 E CONSTEL. 8X2 2P (DIESEL)(E5),VW 24 280,CAMINHÃO TRUCK
BEP1I21,Pesado,MASTER 2.3 DCI GRAND FURGÃO16V DIESEL,RENAULT MASTER,RENAULT MASTER
BEP1I25,Pesado,MASTER 2.3 DCI GRAND FURGÃO16V DIESEL,RENAULT MASTER,RENAULT MASTER
BEP1I29,Pesado,MASTER 2.3 DCI GRAND FURGÃO16V DIESEL,RENAULT MASTER,RENAULT MASTER
BEP1I40,Pesado,MASTER 2.3 DCI GRAND FURGÃO16V DIESEL,RENAULT MASTER,RENAULT MASTER
BEP1I42,Pesado,MASTER 2.3 DCI GRAND FURGÃO16V DIESEL,RENAULT MASTER,RENAULT MASTER
BEP1I43,Pesado,MASTER 2.3 DCI GRAND FURGÃO16V DIESEL,RENAULT MASTER,RENAULT MASTER
BEP5J81,Médio,STRADA ENDURANCE 1.4 FLEX 8V CS PLUS,FIAT STRADA,FIAT STRADA
BEP5J86,Médio,STRADA ENDURANCE 1.4 FLEX 8V CS PLUS,FIAT STRADA,FIAT STRADA
BEP9C20,Pesado,MASTER 2.3 DCI GRAND FURGÃO16V DIESEL,RENAULT MASTER,RENAULT MASTER
BEQ2A54,Médio,FIORINO ENDURANCE EVO 1.4 FLEX 8V 2P,FIAT FIORINO,FIAT FIORINO
BEQ2A59,Médio,FIORINO ENDURANCE EVO 1.4 FLEX 8V 2P,FIAT FIORINO,FIAT FIORINO
BEQ2I34,Leve,GOL 1.0 FLEX 12V 5P,VW GOL 1 0,VW GOL
BER8D99,Médio,STRADA ENDURANCE 1.4 FLEX 8V CS PLUS,FIAT STRADA,FIAT STRADA
BER8E07,Médio,STRADA ENDURANCE 1.4 FLEX 8V CS PLUS,FIAT STRADA,FIAT STRADA
BET7D67,Pesado,MASTER 2.3 DCI GRAND FURGÃO16V DIESEL,RENAULT MASTER,RENAULT MASTER
BET9B48,Médio,STRADA WORKING HARD 1.4 FIRE FLEX 8V CS,FIAT STRADA,FIAT STRADA
BET9B50,Médio,STRADA WORKING HARD 1.4 FIRE FLEX 8V CS,FIAT STRADA,FIAT STRADA
BET9B51,Médio,STRADA WORKING HARD 1.4 FIRE FLEX 8V CS,FIAT STRADA,FIAT STRADA
BET9B75,Médio,STRADA WORKING HARD 1.4 FIRE FLEX 8V CS,FIAT STRADA,FIAT STRADA
BET9B76,Médio,STRADA WORKING HARD 1.4 FIRE FLEX 8V CS,FIAT STRADA,FIAT STRADA
BET9C52,Médio,STRADA WORKING HARD 1.4 FIRE FLEX 8V CS,FIAT STRADA,FIAT STRADA
BET9D01,Médio,STRADA WORKING HARD 1.4 FIRE FLEX 8V CS,FIAT STRADA,FIAT STRADA
BEU4B13,Médio,SAVEIRO ROBUST 1.6 TOTAL FLEX 8V,VW SAVEIRO,VW SAVEIRO
BEU4B15,Médio,SAVEIRO ROBUST 1.6 TOTAL FLEX 8V,VW SAVEIRO,VW SAVEIRO
BEU4B17,Médio,SAVEIRO ROBUST 1.6 TOTAL FLEX 8V,VW SAVEIRO,VW SAVEIRO
BEW7E14,Caminhão5.5Ton,ACCELO 1016 2P (DIESEL) (E5),MB ACCELO 1016,CAMINHÃO 3/4
BEX2E95,Caminhão5.5Ton,ACCELO 1016 2P (DIESEL) (E5),MB ACCELO 1017,CAMINHÃO 3/4
BEX5B97,Médio,FIORINO ENDURANCE EVO 1.4 FLEX 8V 2P,FIAT FIORINO,FIAT FIORINO
BEX5B98,Médio,FIORINO ENDURANCE EVO 1.4 FLEX 8V 2P,FIAT FIORINO,FIAT FIORINO
BEX5C01,Médio,FIORINO ENDURANCE EVO 1.4 FLEX 8V 2P,FIAT FIORINO,FIAT FIORINO
BEX5C02,Médio,FIORINO ENDURANCE EVO 1.4 FLEX 8V 2P,FIAT FIORINO,FIAT FIORINO
BEX5C03,Médio,FIORINO ENDURANCE EVO 1.4 FLEX 8V 2P,FIAT FIORINO,FIAT FIORINO
BEX5C04,Médio,FIORINO ENDURANCE EVO 1.4 FLEX 8V 2P,FIAT FIORINO,FIAT FIORINO
BEX5C07,Médio,FIORINO ENDURANCE EVO 1.4 FLEX 8V 2P,FIAT FIORINO,FIAT FIORINO
BEX5C08,Médio,FIORINO ENDURANCE EVO 1.4 FLEX 8V 2P,FIAT FIORINO,FIAT FIORINO
BEX5C09,Médio,FIORINO ENDURANCE EVO 1.4 FLEX 8V 2P,FIAT FIORINO,FIAT FIORINO
BEX5C10,Médio,FIORINO ENDURANCE EVO 1.4 FLEX 8V 2P,FIAT FIORINO,FIAT FIORINO
BEX5C13,Médio,FIORINO ENDURANCE EVO 1.4 FLEX 8V 2P,FIAT FIORINO,FIAT FIORINO
BEX5C16,Médio,FIORINO ENDURANCE EVO 1.4 FLEX 8V 2P,FIAT FIORINO,FIAT FIORINO
BEX5C17,Médio,FIORINO ENDURANCE EVO 1.4 FLEX 8V 2P,FIAT FIORINO,FIAT FIORINO
BEX5C18,Médio,FIORINO ENDURANCE EVO 1.4 FLEX 8V 2P,FIAT FIORINO,FIAT FIORINO
BEX8E15,Pesado,MASTER 2.8 FURGÃO 85CV DIESEL CURTO,RENAULT MASTER,RENAULT MASTER
BEX8E16,Pesado,MASTER 2.8 FURGÃO 85CV DIESEL CURTO,RENAULT MASTER,RENAULT MASTER
BEX8E17,Pesado,MASTER 2.8 FURGÃO 85CV DIESEL CURTO,RENAULT MASTER,RENAULT MASTER
BEX8E18,Pesado,MASTER 2.3 DCI GRAND FURGÃO16V DIESEL,RENAULT MASTER,RENAULT MASTER
BEX8E19,Pesado,MASTER 2.3 DCI GRAND FURGÃO16V DIESEL,RENAULT MASTER,RENAULT MASTER
BEX8E21,Pesado,MASTER 2.3 DCI GRAND FURGÃO16V DIESEL,RENAULT MASTER,RENAULT MASTER
BEX8E22,Pesado,MASTER 2.8 FURGÃO 85CV DIESEL CURTO,RENAULT MASTER,RENAULT MASTER
BEX8E23,Pesado,MASTER 2.3 DCI GRAND FURGÃO16V DIESEL,RENAULT MASTER,RENAULT MASTER
BEX8E24,Pesado,MASTER 2.3 DCI GRAND FURGÃO16V DIESEL,RENAULT MASTER,RENAULT MASTER
BEX8E26,Pesado,MASTER 2.3 DCI GRAND FURGÃO16V DIESEL,RENAULT MASTER,RENAULT MASTER
BEY3F46,Pesado,MASTER 2.3 DCI GRAND FURGÃO16V DIESEL,RENAULT MASTER,RENAULT MASTER
BEY4E57,Pesado,MASTER 2.3 DCI GRAND FURGÃO16V DIESEL,RENAULT MASTER,RENAULT MASTER
BEY4E58,Pesado,MASTER 2.3 DCI GRAND FURGÃO16V DIESEL,RENAULT MASTER,RENAULT MASTER
BEY4E59,Pesado,MASTER 2.3 DCI GRAND FURGÃO16V DIESEL,RENAULT MASTER,RENAULT MASTER
BEY5A95,Leve,UNO ATTRACTIVE 1.0 FIRE FLEX 8V 5P,FIAT UNO,FIAT UNO
BEY5B10,Leve,UNO ATTRACTIVE 1.0 FIRE FLEX 8V 5P,FIAT UNO,FIAT UNO
BEY8E17,Médio,DUSTER OROCH EXPRESS 1.6 FLEX 16V MEC.,RENAULT OROCH,RENAULT OROCH
FDH4784,Kombi,KOMBI STANDARD 1.4 MI TOTAL FLEX 8V,VW KOMBI,VW KOMBI
RHA3E79,Caminhão12Ton,24-280 E CONSTEL. 8X2 2P (DIESEL)(E5),VW 24 280,CAMINHÃO TRUCK
RHB3H13,Leve,GOL 1.0 FLEX 12V 5P,VW GOL 1 0,VW GOL
RHB3H19,Leve,GOL 1.6 MI POWER TOTAL FLEX 8V 4P,VW GOL 1 6,VW GOL
RHB4F06,Leve,GOL 1.0 FLEX 12V 5P,VW GOL 1 0,VW GOL
RHB4F11,Leve,GOL 1.6 MI POWER TOTAL FLEX 8V 4P,VW GOL 1 6,VW GOL
RHB9G09,Médio,STRADA ENDURANCE 1.4 FLEX 8V CS PLUS,FIAT STRADA,FIAT STRADA
RHB9H58,Médio,STRADA ENDURANCE 1.4 FLEX 8V CS PLUS,FIAT STRADA,FIAT STRADA
RHB9H89,Leve,GOL 1.0 FLEX 12V 5P,VW GOL 1 0,VW GOL
RHC1F97,Leve,GOL 1.6 MSI FLEX 8V 5P,VW GOL 1 6,VW GOL
RHC1F99,Leve,GOL 1.6 MI POWER TOTAL FLEX 8V 4P,VW GOL 1 6,VW GOL
RHC1G03,Leve,GOL 1.6 MSI FLEX 8V 5P,VW GOL 1 6,VW GOL
RHC2E17,Leve,GOL 1.0 FLEX 12V 5P,VW GOL 1 0,VW GOL
RHC2F18,Leve,GOL 1.0 FLEX 12V 5P,VW GOL 1 0,VW GOL
RHD6F72,Médio,STRADA ENDURANCE 1.4 FLEX 8V CS PLUS,FIAT STRADA,FIAT STRADA
RHD6G02,Médio,STRADA ENDURANCE 1.4 FLEX 8V CS PLUS,FIAT STRADA,FIAT STRADA
RHD6G25,Médio,STRADA ENDURANCE 1.4 FLEX 8V CS PLUS,FIAT STRADA,FIAT STRADA
RHD8A32,Caminhão12Ton,24-280 E CONSTEL. 8X2 2P (DIESEL)(E5),VW 24 280,CAMINHÃO TRUCK
RHD8A33,Caminhão10.5Ton,17-230 WORKER 2P (DIESEL)(E5),VW 17 230 CRM,CAMINHÃO TOCO
RHD9F31,Médio,STRADA ENDURANCE 1.4 FLEX 8V CS PLUS,FIAT STRADA,FIAT STRADA
RHD9F39,Médio,STRADA ENDURANCE 1.4 FLEX 8V CS PLUS,FIAT STRADA,FIAT STRADA
RHD9F45,Médio,STRADA ENDURANCE 1.4 FLEX 8V CS PLUS,FIAT FIORINO,FIAT FIORINO
RHE1F56,Caminhão12Ton,24-280 E CONSTEL. 8X2 2P (DIESEL)(E5),VW 24 280,CAMINHÃO TRUCK
RHE2E95,Caminhão7.5Ton,14-190 CONSTELLATION 2P (DIESEL)(E5),VW 14 190,CAMINHÃO TOCO
RHF1B45,Leve,UNO DRIVE 1.0 FLEX 6V 5P,FIAT UNO,FIAT UNO
RHF9G22,Caminhão6Ton,11-180 DELIVERY 4X2 2P (DIESEL)(E6),VW 11 180 DRC 4X2,CAMINHÃO 3/4
RHG3A96,Leve,UNO DRIVE 1.0 FLEX 6V 5P,FIAT UNO,FIAT UNO
RHI1F61,Leve,UNO ATTRACTIVE 1.0 FIRE FLEX 8V 5P,FIAT UNO,FIAT UNO
RHI1F64,Leve,UNO ATTRACTIVE 1.0 FIRE FLEX 8V 5P,FIAT UNO,FIAT UNO
RHI4F42,Caminhão5.5Ton,ACCELO 1016 2P (DIESEL) (E5),MB ACCELO 1016,CAMINHÃO 3/4
RHI5D30,Médio,STRADA ENDURANCE 1.4 FLEX 8V CD,FIAT STRADA,FIAT STRADA
RHK2E55,Leve,UNO ATTRACTIVE 1.0 FIRE FLEX 8V 5P,FIAT UNO,FIAT UNO
RHK2E61,Leve,UNO ATTRACTIVE 1.0 FIRE FLEX 8V 5P,FIAT UNO,FIAT UNO
RHK2E62,Leve,UNO ATTRACTIVE 1.0 FIRE FLEX 8V 5P,FIAT UNO,FIAT UNO
RHK2E63,Leve,UNO ATTRACTIVE 1.0 FIRE FLEX 8V 5P,FIAT UNO,FIAT UNO
RHK3I92,Leve,UNO ATTRACTIVE 1.0 FIRE FLEX 8V 5P,FIAT UNO,FIAT UNO
RHK5H76,Leve,GOL 1.6 MI POWER TOTAL FLEX 8V 4P,VW GOL 1 6,VW GOL
RHK5H85,Leve,GOL 1.6 MI POWER TOTAL FLEX 8V 4P,VW GOL 1 6,VW GOL
RHK5H89,Leve,GOL 1.6 MI POWER TOTAL FLEX 8V 4P,VW GOL 1 6,VW GOL
RHK5H90,Leve,GOL 1.6 MI POWER TOTAL FLEX 8V 4P,VW GOL 1 6,VW GOL
RHK6G28,Leve,UNO ATTRACTIVE 1.0 FIRE FLEX 8V 5P,FIAT UNO,FIAT UNO
RHK6G38,Leve,UNO ATTRACTIVE 1.0 FIRE FLEX 8V 5P,FIAT UNO,FIAT UNO
RHK6G43,Leve,UNO ATTRACTIVE 1.0 FIRE FLEX 8V 5P,FIAT UNO,FIAT UNO
RHK6G46,Leve,UNO ATTRACTIVE 1.0 FIRE FLEX 8V 5P,FIAT UNO,FIAT UNO
RHK6G53,Leve,UNO ATTRACTIVE 1.0 FIRE FLEX 8V 5P,FIAT UNO,FIAT UNO
RHK6G78,Leve,UNO ATTRACTIVE 1.0 FIRE FLEX 8V 5P,FIAT UNO,FIAT UNO
RHK7J53,Leve,UNO ATTRACTIVE 1.0 FIRE FLEX 8V 5P,FIAT UNO,FIAT UNO
RHK8F86,Pesado,MASTER 2.3 DCI FURGÃO 16V DIESEL,RENAULT MASTER CURTA,RENAULT MASTER
RHL1D81,Pesado,MASTER 2.3 DCI FURGÃO 16V DIESEL,RENAULT MASTER CURTA,RENAULT MASTER
RHL1G23,Pesado,MASTER 2.3 DCI FURGÃO 16V DIESEL,RENAULT MASTER CURTA,RENAULT MASTER
RHL2D89,Pesado,MASTER 2.8 FURGÃO 85CV DIESEL CURTO,RENAULT MASTER CURTA,RENAULT MASTER
RHL3E03,Caminhão12Ton,24-280 E CONSTEL. 8X2 2P (DIESEL)(E5),VW 24 280,CAMINHÃO TRUCK
RHL3E04,Caminhão12Ton,24-280 E CONSTEL. 8X2 2P (DIESEL)(E5),VW 24 280,CAMINHÃO TRUCK
RHL5F68,Pesado,MASTER 2.3 DCI FURGÃO 16V DIESEL,RENAULT MASTER CURTA,RENAULT MASTER
RHM5I33,Leve,GOL 1.0 FLEX 12V 5P,VW GOL 1 0,VW GOL
RHM5I41,Leve,GOL 1.0 FLEX 12V 5P,VW GOL 1 0,VW GOL
RHM5I66,Leve,GOL 1.0 FLEX 12V 5P,VW GOL 1 0,VW GOL
RHM8F11,Leve,GOL 1.0 FLEX 12V 5P,VW GOL 1 0,VW GOL
RHN6E33,Leve,GOL 1.0 FLEX 12V 5P,VW GOL 1 0,VW GOL
RHN8C54,Caminhão4.2Ton,ACCELO 815 2P (DIESEL) (E5),MB ACELLO 815,CAMINHÃO 3/4
RHO3E71,Caminhão5.5Ton,ACCELO 1016 2P (DIESEL) (E5),MB ACCELO 1016,CAMINHÃO 3/4
RHO4H26,Leve,ONIX HATCH 1.0 12V FLEX 5P MEC.,GM ONIX,GM ONIX
RHO5E10,Pesado,DUCATO MAXICARGO 2.3 16V DIESEL,FIAT DUCATO,FIAT DUCATO
RHP4I83,Caminhão4.2Ton,ACCELO 815 2P (DIESEL) (E5),MB ACELLO 815,CAMINHÃO 3/4
RHP7C47,Pesado,MASTER 2.3 DCI GRAND FURGÃO16V DIESEL,RENAULT MASTER,RENAULT MASTER
RHP7C49,Pesado,MASTER 2.3 DCI GRAND FURGÃO16V DIESEL,RENAULT MASTER,RENAULT MASTER
RHP7C50,Pesado,MASTER 2.8 FURGÃO 85CV DIESEL CURTO,RENAULT MASTER,RENAULT MASTER
RHP7C51,Pesado,MASTER 2.3 DCI GRAND FURGÃO16V DIESEL,RENAULT MASTER,RENAULT MASTER
RHP9I35,Pesado,MASTER 2.8 FURGÃO 85CV DIESEL CURTO,RENAULT MASTER,RENAULT MASTER
RHQ4D38,Caminhão5Ton,9-170 DELIVERY 2P (DIESEL)(E5),VW 9 170,CAMINHÃO 3/4
RHQ4D39,Caminhão6Ton,11-180 DELIVERY 4X2 2P (DIESEL)(E6),VW 11 180,CAMINHÃO 3/4
RHQ4D40,Caminhão6Ton,11-180 DELIVERY 4X2 2P (DIESEL)(E6),VW 11 180,CAMINHÃO 3/4
RHQ6I61,Pesado,MASTER 2.3 DCI GRAND FURGÃO16V DIESEL,RENAULT MASTER,RENAULT MASTER
RHQ6I63,Pesado,MASTER 2.3 DCI GRAND FURGÃO16V DIESEL,RENAULT MASTER,RENAULT MASTER
RHQ6I66,Pesado,MASTER 2.3 DCI GRAND FURGÃO16V DIESEL,RENAULT MASTER,RENAULT MASTER
RHQ6I69,Pesado,MASTER 2.3 DCI GRAND FURGÃO16V DIESEL,RENAULT MASTER,RENAULT MASTER
RHQ6I70,Pesado,MASTER 2.8 FURGÃO 85CV DIESEL CURTO,RENAULT MASTER,RENAULT MASTER
RHR6J81,Leve,ONIX HATCH JOY 1.0 8V FLEX 5P MEC.,GM ONIX,GM ONIX
RHS3G77,Pesado,MASTER 2.3 DCI GRAND FURGÃO16V DIESEL,RENAULT MASTER,RENAULT MASTER
RHS3G78,Pesado,MASTER 2.3 DCI GRAND FURGÃO16V DIESEL,RENAULT MASTER,RENAULT MASTER
RHS3G79,Pesado,MASTER 2.3 DCI GRAND FURGÃO16V DIESEL,RENAULT MASTER,RENAULT MASTER
RHS3G80,Pesado,MASTER 2.3 DCI GRAND FURGÃO16V DIESEL,RENAULT MASTER,RENAULT MASTER
RHS3G81,Pesado,MASTER 2.3 DCI GRAND FURGÃO16V DIESEL,RENAULT MASTER,RENAULT MASTER
RHS8D12,Médio,FIORINO ENDURANCE EVO 1.4 FLEX 8V 2P,FIAT FIORINO,FIAT FIORINO
RHS8D13,Médio,FIORINO ENDURANCE EVO 1.4 FLEX 8V 2P,FIAT FIORINO,FIAT FIORINO
RHS8D14,Médio,FIORINO ENDURANCE EVO 1.4 FLEX 8V 2P,FIAT FIORINO,FIAT FIORINO
RHS8D15,Médio,FIORINO ENDURANCE EVO 1.4 FLEX 8V 2P,FIAT FIORINO,FIAT FIORINO
RHS8D16,Médio,FIORINO ENDURANCE EVO 1.4 FLEX 8V 2P,FIAT FIORINO,FIAT FIORINO
RHS8D17,Médio,FIORINO ENDURANCE EVO 1.4 FLEX 8V 2P,FIAT FIORINO,FIAT FIORINO
RHS8D18,Médio,FIORINO ENDURANCE EVO 1.4 FLEX 8V 2P,FIAT FIORINO,FIAT FIORINO
RHS8D20,Médio,FIORINO ENDURANCE EVO 1.4 FLEX 8V 2P,FIAT FIORINO,FIAT FIORINO
RHS8D21,Médio,FIORINO ENDURANCE EVO 1.4 FLEX 8V 2P,FIAT FIORINO,FIAT FIORINO
RHS8D22,Médio,FIORINO ENDURANCE EVO 1.4 FLEX 8V 2P,FIAT FIORINO,FIAT FIORINO
RHS8D23,Médio,FIORINO ENDURANCE EVO 1.4 FLEX 8V 2P,FIAT FIORINO,FIAT FIORINO
RHS8D24,Médio,FIORINO ENDURANCE EVO 1.4 FLEX 8V 2P,FIAT FIORINO,FIAT FIORINO
RHS8D25,Médio,FIORINO ENDURANCE EVO 1.4 FLEX 8V 2P,FIAT FIORINO,FIAT FIORINO
RHS8D27,Médio,FIORINO ENDURANCE EVO 1.4 FLEX 8V 2P,FIAT FIORINO,FIAT FIORINO
RHS8D29,Médio,FIORINO ENDURANCE EVO 1.4 FLEX 8V 2P,FIAT FIORINO,FIAT FIORINO
RHS8D30,Médio,FIORINO ENDURANCE EVO 1.4 FLEX 8V 2P,FIAT FIORINO,FIAT FIORINO
RHS8D31,Médio,FIORINO ENDURANCE EVO 1.4 FLEX 8V 2P,FIAT FIORINO,FIAT FIORINO
RHS8D32,Médio,FIORINO ENDURANCE EVO 1.4 FLEX 8V 2P,FIAT FIORINO,FIAT FIORINO
RHS8D34,Médio,FIORINO ENDURANCE EVO 1.4 FLEX 8V 2P,FIAT FIORINO,FIAT FIORINO
RHS8D35,Médio,FIORINO ENDURANCE EVO 1.4 FLEX 8V 2P,FIAT FIORINO,FIAT FIORINO
RHS8D37,Médio,FIORINO ENDURANCE EVO 1.4 FLEX 8V 2P,FIAT FIORINO,FIAT FIORINO
RHS8D39,Médio,FIORINO ENDURANCE EVO 1.4 FLEX 8V 2P,FIAT FIORINO,FIAT FIORINO
RHS8D40,Médio,FIORINO ENDURANCE EVO 1.4 FLEX 8V 2P,FIAT FIORINO,FIAT FIORINO
RHS8D41,Médio,FIORINO ENDURANCE EVO 1.4 FLEX 8V 2P,FIAT FIORINO,FIAT FIORINO
RHT0B69,Caminhão5.5Ton,ACCELO 1016 2P (DIESEL) (E5),MB ACCELO 1016,CAMINHÃO 3/4
RHT2C47,Caminhão5Ton,9-170 DELIVERY 2P (DIESEL)(E5),VW 9 170,CAMINHÃO 3/4
RHT2C48,Caminhão5Ton,9-170 DELIVERY 2P (DIESEL)(E5),VW 9 170,CAMINHÃO 3/4
RHT2G08,Caminhão5.5Ton,ACCELO 1016 2P (DIESEL) (E5),MB ACCELO 1016,CAMINHÃO 3/4
RHT2G09,Caminhão5.5Ton,ACCELO 1016 2P (DIESEL) (E5),MB ACCELO 1016,CAMINHÃO 3/4
RHT5A96,Médio,STRADA ENDURANCE 1.4 FLEX 8V CS PLUS,FIAT STRADA,FIAT STRADA
RHT5A98,Pesado,FIORINO ENDURANCE EVO 1.4 FLEX 8V 2P,FIAT FIORINO,FIAT FIORINO
RHT5B02,Médio,FIORINO ENDURANCE EVO 1.4 FLEX 8V 2P,FIAT FIORINO,FIAT FIORINO
RHT7C39,Médio,STRADA ENDURANCE 1.4 FLEX 8V CS PLUS,FIAT STRADA,FIAT STRADA
RHT7C67,Médio,STRADA ENDURANCE 1.4 FLEX 8V CS PLUS,FIAT STRADA,FIAT STRADA
RHT9E50,Médio,FIORINO ENDURANCE EVO 1.4 FLEX 8V 2P,FIAT FIORINO,FIAT FIORINO
RHU0G62,Pesado,DUCATO MAXICARGO 2.3 16V DIESEL,FIAT DUCATO,FIAT DUCATO
RHV3D87,Médio,STRADA ENDURANCE 1.4 FLEX 8V CS PLUS,FIAT STRADA,FIAT STRADA
RHV3E07,Médio,STRADA ENDURANCE 1.4 FLEX 8V CS PLUS,FIAT STRADA,FIAT STRADA
RHV3E09,Médio,STRADA ENDURANCE 1.4 FLEX 8V CS PLUS,FIAT STRADA,FIAT STRADA
RHV8B69,Médio,STRADA ENDURANCE 1.4 FLEX 8V CS PLUS,FIAT STRADA,FIAT STRADA
RHV8B80,Médio,STRADA ENDURANCE 1.4 FLEX 8V CS PLUS,FIAT STRADA,FIAT STRADA
RHZ7G20,Médio,STRADA ENDURANCE 1.4 FLEX 8V CS PLUS,FIAT STRADA,FIAT STRADA
RHZ7G21,Médio,STRADA ENDURANCE 1.4 FLEX 8V CS PLUS,FIAT STRADA,FIAT STRADA
SDP3I30,Caminhão17Ton,VM 330 8X2 2P (DIESEL) (E5),VOLVO VM 330 8X2R,CAMINHÃO BITRUCK
SDP3I31,Caminhão17Ton,VM 330 8X2 2P (DIESEL) (E5),VOLVO VM 330 8X2R,CAMINHÃO BITRUCK
SDP5J32,Pesado,MASTER 2.3 DCI GRAND FURGÃO16V DIESEL,RENAULT MASTER,RENAULT MASTER
SDP5J33,Pesado,MASTER 2.3 DCI GRAND FURGÃO16V DIESEL,RENAULT MASTER,RENAULT MASTER
SDP5J34,Pesado,MASTER 2.3 DCI GRAND FURGÃO16V DIESEL,RENAULT MASTER,RENAULT MASTER
SDP5J35,Pesado,MASTER 2.3 DCI GRAND FURGÃO16V DIESEL,RENAULT MASTER,RENAULT MASTER
SDP7F84,Leve,208 ACTIVE 1.6 FLEX 16V 5P AUT.,PEUGEOT,PEUGEOT
SDR4D25,Médio,STRADA ENDURANCE 1.4 FLEX 8V CS PLUS,FIAT STRADA,FIAT STRADA
SDR4D32,Médio,STRADA ENDURANCE 1.4 FLEX 8V CS PLUS,FIAT STRADA,FIAT STRADA
SDR4D35,Médio,STRADA ENDURANCE 1.4 FLEX 8V CS PLUS,FIAT STRADA,FIAT STRADA
SDR4D53,Leve,VOYAGE 1.0 FLEX 12V 4P,VW VOYAGE,VW VOYAGE
SDR4D58,Leve,GOL 1.0 FLEX 12V 5P,VW GOL 1 0,VW GOL
SDR4D86,Leve,GOL 1.0 FLEX 12V 5P,VW GOL 1 0,VW GOL
SDR4D95,Leve,GOL 1.0 FLEX 12V 5P,VW GOL 1 0,VW GOL
SDR4D98,Leve,GOL 1.0 FLEX 12V 5P,VW GOL 1 0,VW GOL
SDR4D99,Leve,GOL 1.0 FLEX 12V 5P,VW GOL 1 6,VW GOL
SDR4E25,Leve,GOL 1.0 FLEX 12V 5P,VW GOL 1 0,VW GOL
SDR4E26,Leve,GOL 1.0 FLEX 12V 5P,VW GOL 1 0,VW GOL
SDR4E38,Médio,STRADA ENDURANCE 1.4 FLEX 8V CS PLUS,FIAT STRADA,FIAT STRADA
SDR5H06,Leve,208 ACTIVE 1.6 FLEX 16V 5P AUT.,PEUGEOT,PEUGEOT
SDR8D99,Médio,STRADA ENDURANCE 1.4 FLEX 8V CS PLUS,FIAT STRADA,FIAT STRADA
SDR8E01,Médio,STRADA ENDURANCE 1.4 FLEX 8V CS PLUS,FIAT STRADA,FIAT STRADA
SDR8E04,Médio,STRADA ENDURANCE 1.4 FLEX 8V CS PLUS,FIAT STRADA,FIAT STRADA
SDR8E07,Médio,STRADA ENDURANCE 1.4 FLEX 8V CS PLUS,FIAT STRADA,FIAT STRADA
SDR8E10,Médio,STRADA ENDURANCE 1.4 FLEX 8V CS PLUS,FIAT STRADA,FIAT STRADA
SDR8E58,Leve,GOL 1.0 FLEX 12V 5P,VW GOL 1 0,VW GOL
SDR8E61,Leve,GOL 1.0 FLEX 12V 5P,VW GOL 1 0,VW GOL
SDR8E99,Leve,GOL 1.0 FLEX 12V 5P,VW GOL 1 0,VW GOL
SDR9D23,Leve,GOL 1.0 FLEX 12V 5P,VW GOL 1 0,VW GOL
SDR9E30,Médio,STRADA ENDURANCE 1.4 FLEX 8V CS PLUS,FIAT STRADA,FIAT STRADA
SDS1H16,Médio,STRADA ENDURANCE 1.4 FLEX 8V CS PLUS,FIAT STRADA,FIAT STRADA
SDS3D12,Pesado,MASTER 2.3 DCI GRAND FURGÃO16V DIESEL,RENAULT MASTER,RENAULT MASTER
SDS3F57,Pesado,MASTER 2.3 DCI GRAND FURGÃO16V DIESEL,RENAULT MASTER,RENAULT MASTER
SDS3F58,Pesado,MASTER 2.3 DCI GRAND FURGÃO16V DIESEL,RENAULT MASTER,RENAULT MASTER
SDS3F59,Pesado,MASTER 2.3 DCI EXTRA FURGÃO 16V DIESEL,RENAULT MASTER,RENAULT MASTER
SDT4A77,Médio,STRADA ENDURANCE 1.4 FLEX 8V CS PLUS,FIAT STRADA,FIAT STRADA
SDT4A92,Médio,STRADA FREEDOM 1.3 FLEX 8V  CS PLUS,FIAT STRADA,FIAT STRADA
SDT4A93,Médio,STRADA FREEDOM 1.3 FLEX 8V  CS PLUS,FIAT STRADA,FIAT STRADA
SDT4B06,Médio,STRADA ENDURANCE 1.4 FLEX 8V CS PLUS,FIAT STRADA,FIAT STRADA
SDT4B33,Médio,STRADA FREEDOM 1.3 FLEX 8V  CS PLUS,FIAT STRADA,FIAT STRADA
SDT4B58,Médio,STRADA ENDURANCE 1.4 FLEX 8V CS PLUS,FIAT STRADA,FIAT STRADA
SDT4B70,Médio,STRADA ENDURANCE 1.4 FLEX 8V CS PLUS,FIAT STRADA,FIAT STRADA
SDT4B80,Médio,STRADA FREEDOM 1.3 FLEX 8V  CS PLUS,FIAT STRADA,FIAT STRADA
SDT4G68,Médio,STRADA FREEDOM 1.3 FLEX 8V  CS PLUS,FIAT STRADA,FIAT STRADA
SDT5A68,Médio,STRADA FREEDOM 1.3 FLEX 8V  CS PLUS,FIAT STRADA,FIAT STRADA
SDT5A71,Médio,STRADA FREEDOM 1.3 FLEX 8V  CS PLUS,FIAT STRADA,FIAT STRADA
SDT8I53,Médio,STRADA ENDURANCE 1.4 FLEX 8V CS PLUS,FIAT STRADA,FIAT STRADA
SDT8I60,Médio,STRADA ENDURANCE 1.4 FLEX 8V CS PLUS,FIAT STRADA,FIAT STRADA
SDT8I68,Médio,STRADA FREEDOM 1.3 FLEX 8V  CS PLUS,FIAT STRADA,FIAT STRADA
SDT8I72,Médio,STRADA FREEDOM 1.3 FLEX 8V  CS PLUS,FIAT STRADA,FIAT STRADA
SDT8J05,Médio,STRADA FREEDOM 1.3 FLEX 8V  CS PLUS,FIAT STRADA,FIAT STRADA
SDT8J21,Médio,STRADA ENDURANCE 1.4 FLEX 8V CS PLUS,FIAT STRADA,FIAT STRADA
SDT8J51,Médio,STRADA FREEDOM 1.3 FLEX 8V  CS PLUS,FIAT STRADA,FIAT STRADA
SDT8J63,Médio,STRADA FREEDOM 1.3 FLEX 8V  CS PLUS,FIAT STRADA,FIAT STRADA
SDT8J81,Médio,STRADA ENDURANCE 1.4 FLEX 8V CS PLUS,FIAT STRADA,FIAT STRADA
SDU9E85,Médio,SAVEIRO ROBUST 1.6 TOTAL FLEX 16V,VW SAVEIRO,VW SAVEIRO
SDU9E86,Médio,SAVEIRO ROBUST 1.6 TOTAL FLEX 16V,VW SAVEIRO,VW SAVEIRO
SDU9E87,Médio,SAVEIRO ROBUST 1.6 TOTAL FLEX 16V,VW SAVEIRO,VW SAVEIRO
SDU9E88,Médio,SAVEIRO ROBUST 1.6 TOTAL FLEX 16V,VW SAVEIRO,VW SAVEIRO
SDU9E89,Médio,SAVEIRO ROBUST 1.6 TOTAL FLEX 16V,VW SAVEIRO,VW SAVEIRO
SDU9E92,Médio,SAVEIRO ROBUST 1.6 TOTAL FLEX 16V,VW SAVEIRO,VW SAVEIRO
SDU9E95,Médio,SAVEIRO ROBUST 1.6 TOTAL FLEX 16V,VW SAVEIRO,VW SAVEIRO
SDU9F01,Médio,SAVEIRO ROBUST 1.6 TOTAL FLEX 16V,VW SAVEIRO,VW SAVEIRO
SDU9F03,Médio,SAVEIRO ROBUST 1.6 TOTAL FLEX 16V,VW SAVEIRO,VW SAVEIRO
SDU9F45,Médio,SAVEIRO ROBUST 1.6 TOTAL FLEX 16V,VW SAVEIRO,VW SAVEIRO
SDU9F46,Médio,SAVEIRO ROBUST 1.6 TOTAL FLEX 16V,VW SAVEIRO,VW SAVEIRO
SDU9F49,Médio,SAVEIRO ROBUST 1.6 TOTAL FLEX 16V,VW SAVEIRO,VW SAVEIRO
SDU9F51,Médio,SAVEIRO ROBUST 1.6 TOTAL FLEX 16V,VW SAVEIRO,VW SAVEIRO
SDU9F54,Médio,SAVEIRO ROBUST 1.6 TOTAL FLEX 16V,VW SAVEIRO,VW SAVEIRO
SDU9F57,Médio,SAVEIRO ROBUST 1.6 TOTAL FLEX 16V,VW SAVEIRO,VW SAVEIRO
SDU9F60,Médio,SAVEIRO ROBUST 1.6 TOTAL FLEX 16V,VW SAVEIRO,VW SAVEIRO
SDU9F61,Médio,SAVEIRO ROBUST 1.6 TOTAL FLEX 16V,VW SAVEIRO,VW SAVEIRO
SDU9F62,Médio,SAVEIRO ROBUST 1.6 TOTAL FLEX 16V,VW SAVEIRO,VW SAVEIRO
SDU9F63,Médio,SAVEIRO ROBUST 1.6 TOTAL FLEX 16V,VW SAVEIRO,VW SAVEIRO
SDU9F64,Médio,SAVEIRO ROBUST 1.6 TOTAL FLEX 16V,VW SAVEIRO,VW SAVEIRO
SDU9F67,Médio,SAVEIRO ROBUST 1.6 TOTAL FLEX 16V,VW SAVEIRO,VW SAVEIRO
SDU9F69,Médio,SAVEIRO ROBUST 1.6 TOTAL FLEX 16V,VW SAVEIRO,VW SAVEIRO
SDU9F70,Médio,SAVEIRO ROBUST 1.6 TOTAL FLEX 16V,VW SAVEIRO,VW SAVEIRO
SDU9F71,Médio,SAVEIRO ROBUST 1.6 TOTAL FLEX 16V,VW SAVEIRO,VW SAVEIRO
SDU9F72,Médio,SAVEIRO ROBUST 1.6 TOTAL FLEX 16V,VW SAVEIRO,VW SAVEIRO
SDU9F73,Médio,SAVEIRO ROBUST 1.6 TOTAL FLEX 16V,VW SAVEIRO,VW SAVEIRO
SDU9F75,Médio,SAVEIRO ROBUST 1.6 TOTAL FLEX 16V,VW SAVEIRO,VW SAVEIRO
SDU9F76,Médio,SAVEIRO ROBUST 1.6 TOTAL FLEX 16V,VW SAVEIRO,VW SAVEIRO
SDU9F80,Médio,SAVEIRO ROBUST 1.6 TOTAL FLEX 16V,VW SAVEIRO,VW SAVEIRO
SDU9F84,Médio,SAVEIRO ROBUST 1.6 TOTAL FLEX 16V,VW SAVEIRO,VW SAVEIRO
SDU9F86,Médio,SAVEIRO ROBUST 1.6 TOTAL FLEX 16V,VW SAVEIRO,VW SAVEIRO
SDU9F88,Médio,SAVEIRO ROBUST 1.6 TOTAL FLEX 16V,VW SAVEIRO,VW SAVEIRO
SDU9F89,Médio,SAVEIRO ROBUST 1.6 TOTAL FLEX 16V,VW SAVEIRO,VW SAVEIRO
SDU9F93,Médio,SAVEIRO ROBUST 1.6 TOTAL FLEX 16V,VW SAVEIRO,VW SAVEIRO
SDU9F94,Médio,SAVEIRO ROBUST 1.6 TOTAL FLEX 16V,VW SAVEIRO,VW SAVEIRO
SDU9F96,Médio,SAVEIRO ROBUST 1.6 TOTAL FLEX 16V,VW SAVEIRO,VW SAVEIRO
SDU9F98,Médio,SAVEIRO ROBUST 1.6 TOTAL FLEX 16V,VW SAVEIRO,VW SAVEIRO
SDU9F99,Médio,SAVEIRO ROBUST 1.6 TOTAL FLEX 16V,VW SAVEIRO,VW SAVEIRO
SDU9G01,Médio,SAVEIRO ROBUST 1.6 TOTAL FLEX 16V,VW SAVEIRO,VW SAVEIRO
SDU9G02,Médio,SAVEIRO ROBUST 1.6 TOTAL FLEX 16V,VW SAVEIRO,VW SAVEIRO
SDU9G04,Médio,SAVEIRO ROBUST 1.6 TOTAL FLEX 16V,VW SAVEIRO,VW SAVEIRO
SDU9G05,Médio,SAVEIRO ROBUST 1.6 TOTAL FLEX 16V,VW SAVEIRO,VW SAVEIRO
SDU9G06,Médio,SAVEIRO ROBUST 1.6 TOTAL FLEX 16V,VW SAVEIRO,VW SAVEIRO
SDU9G07,Médio,SAVEIRO ROBUST 1.6 TOTAL FLEX 16V,VW SAVEIRO,VW SAVEIRO
SDU9G08,Médio,SAVEIRO ROBUST 1.6 TOTAL FLEX 16V,VW SAVEIRO,VW SAVEIRO
SDV2F78,Médio,SAVEIRO ROBUST 1.6 TOTAL FLEX 16V,VW SAVEIRO,VW SAVEIRO
SDV3E48,Leve,ONIX HATCH 1.0 12V FLEX 5P MEC.,ONIX 1 0,GM ONIX
SDV3E51,Leve,ONIX HATCH 1.0 12V FLEX 5P MEC.,ONIX 1 0,GM ONIX
SDV8E51,Pesado,SPRINTER 516 FURGÃO E.L.T. ALTO 2.2 DIES,MB SPRINTER CHASSI,MB SPRINTER
SDV8E52,Pesado,SPRINTER 516 FURGÃO E.L.T. ALTO 2.2 DIES,MB SPRINTER CHASSI,MB SPRINTER
SDV9C11,Médio,STRADA ENDURANCE 1.4 FLEX 8V CS PLUS,FIAT STRADA,FIAT STRADA
SDW2F01,Médio,STRADA ENDURANCE 1.4 FLEX 8V CS PLUS,FIAT STRADA,FIAT STRADA
SDW2F31,Médio,STRADA ENDURANCE 1.4 FLEX 8V CS PLUS,FIAT STRADA,FIAT STRADA
SDW2F35,Médio,STRADA ENDURANCE 1.4 FLEX 8V CS PLUS,FIAT STRADA,FIAT STRADA
SDW2G32,Médio,STRADA ENDURANCE 1.4 FLEX 8V CS PLUS,FIAT STRADA,FIAT STRADA
SDW2G37,Médio,STRADA ENDURANCE 1.4 FLEX 8V CS PLUS,FIAT STRADA,FIAT STRADA
SDW8B50,Caminhão6Ton,11-180 DELIVERY 4X2 2P (DIESEL)(E6),VW 11 180 DRC 4X2,CAMINHÃO 3/4
SDX2J10,Médio,PARTNER RAPID BUSIN.1.4 FLEX MEC.,PEUGEOT,PEUGEOT PARTNER
SDX2J11,Médio,PARTNER RAPID BUSIN.1.4 FLEX MEC.,PEUGEOT,PEUGEOT PARTNER
SDX2J13,Médio,PARTNER RAPID BUSIN. PACK 1.4 FLEX MEC.,PEUGEOT,PEUGEOT PARTNER
SDX2J14,Médio,PARTNER RAPID BUSIN.1.4 FLEX MEC.,PEUGEOT,PEUGEOT PARTNER
SDX2J15,Médio,PARTNER RAPID BUSIN.1.4 FLEX MEC.,PEUGEOT,PEUGEOT PARTNER
SDY6E93,Caminhão5Ton,9-170 DELIVERY 2P (DIESEL)(E5),VW 9 170,CAMINHÃO 3/4
SDY6E95,Caminhão5Ton,9-170 DELIVERY 2P (DIESEL)(E5),VW 9 170,CAMINHÃO 3/4
SEB8G64,Leve,ONIX SEDAN PLUS LT 1.0 12V TB FLEX MEC.,ONIX 1 0,GM ONIX
SEC0B48,Médio,STRADA ENDURANCE 1.4 FLEX 8V CS PLUS,FIAT STRADA,FIAT STRADA
SEC0C40,Médio,STRADA FREEDOM 1.3 FLEX 8V CD,FIAT STRADA,FIAT STRADA
SEC1E87,Leve,GOL 1.0 FLEX 12V 5P,VW GOL 1 0,VW GOL
SEC1F48,Leve,GOL 1.0 FLEX 12V 5P,VW GOL 1 0,VW GOL
SEC1F68,Leve,GOL 1.0 FLEX 12V 5P,VW GOL 1 0,VW GOL
SEC7A67,Leve,ARGO 1.0 6V FLEX.,FIAT ARGO,FIAT ARGO
SED5F26,Médio,STRADA ENDURANCE 1.4 FLEX 8V CS PLUS,FIAT STRADA,FIAT STRADA
SED8D77,Pesado,MASTER 2.8 FURGÃO 85CV DIESEL CURTO,RENAULT MASTER,RENAULT MASTER
SED9B28,Médio,STRADA ENDURANCE 1.4 FLEX 8V CS PLUS,FIAT STRADA,FIAT STRADA
SED9B31,Médio,STRADA ENDURANCE 1.4 FLEX 8V CS PLUS,FIAT STRADA,FIAT STRADA
SED9B32,Médio,STRADA ENDURANCE 1.4 FLEX 8V CS PLUS,FIAT FIORINO,FIAT FIORINO
SED9B36,Médio,STRADA ENDURANCE 1.4 FLEX 8V CS PLUS,FIAT STRADA,FIAT STRADA
SEE9E81,Médio,STRADA ENDURANCE 1.4 FLEX 8V CS PLUS,FIAT STRADA,FIAT STRADA
SEE9I31,Médio,STRADA ENDURANCE 1.4 FLEX 8V CS PLUS,FIAT STRADA,FIAT STRADA
SEF8G22,Caminhão17Ton,VM 330 8X2 2P (DIESEL) (E5),VOLVO VM 330 8X2R,CAMINHÃO BITRUCK
SEF8G23,Caminhão17Ton,VM 330 8X2 2P (DIESEL) (E5),VOLVO VM 330 8X2R,CAMINHÃO BITRUCK
SEG5A66,Leve,POLO TRACK 1.0 FLEX 12V 5P,VW POLO,VW POLO
SEG5A85,Leve,POLO TRACK 1.0 FLEX 12V 5P,VW POLO,VW POLO
SEH0B26,Médio,SAVEIRO ROBUST 1.6 TOTAL FLEX 16V,VW SAVEIRO,VW SAVEIRO
SEH4I02,Pesado,MASTER 2.3 DCI EXTRA FURGÃO 16V DIESEL,RENAULT MASTER,RENAULT MASTER
SEH4I04,Pesado,MASTER 2.3 DCI EXTRA FURGÃO 16V DIESEL,RENAULT MASTER,RENAULT MASTER
SEH4I05,Pesado,MASTER 2.3 DCI EXTRA FURGÃO 16V DIESEL,RENAULT MASTER,RENAULT MASTER
SEI4H72,Médio,SAVEIRO ROBUST 1.6 TOTAL FLEX 16V,VW SAVEIRO,VW SAVEIRO
SEI5B84,Médio,SAVEIRO ROBUST 1.6 TOTAL FLEX 16V,VW SAVEIRO,VW SAVEIRO
SEI5B85,Médio,SAVEIRO ROBUST 1.6 TOTAL FLEX 16V,VW SAVEIRO,VW SAVEIRO
SEI5B87,Médio,SAVEIRO ROBUST 1.6 TOTAL FLEX 16V,VW SAVEIRO,VW SAVEIRO
SEI5B90,Médio,SAVEIRO ROBUST 1.6 TOTAL FLEX 16V,VW SAVEIRO,VW SAVEIRO
SEI5B92,Médio,SAVEIRO ROBUST 1.6 TOTAL FLEX 16V,VW SAVEIRO,VW SAVEIRO
SEI5B93,Médio,SAVEIRO ROBUST 1.6 TOTAL FLEX 16V,VW SAVEIRO,VW SAVEIRO
SEI5B94,Médio,SAVEIRO ROBUST 1.6 TOTAL FLEX 16V,VW SAVEIRO,VW SAVEIRO
SEJ1H96,Pesado,MASTER 2.3 DCI GRAND FURGÃO16V DIESEL,RENAULT MASTER,RENAULT MASTER
SEJ1H97,Pesado,MASTER 2.3 DCI GRAND FURGÃO16V DIESEL,RENAULT MASTER,RENAULT MASTER
SEJ1H99,Pesado,MASTER 2.3 DCI GRAND FURGÃO16V DIESEL,RENAULT MASTER,RENAULT MASTER
SEK9C81,Pesado,MASTER 2.3 DCI EXTRA FURGÃO 16V DIESEL,RENAULT MASTER,RENAULT MASTER
SEL0B95,Pesado,MASTER 2.3 DCI FURGÃO 16V DIESEL,RENAULT MASTER CURTA,RENAULT MASTER
SEL0B96,Pesado,MASTER 2.3 DCI FURGÃO 16V DIESEL,RENAULT MASTER CURTA,RENAULT MASTER
SEL0E72,Pesado,MASTER 2.3 DCI FURGÃO 16V DIESEL,RENAULT MASTER CURTA,RENAULT MASTER
SEL0E74,Pesado,MASTER 2.3 DCI FURGÃO 16V DIESEL,RENAULT MASTER CURTA,RENAULT MASTER
SEL0E75,Pesado,MASTER 2.3 DCI FURGÃO 16V DIESEL,RENAULT MASTER CURTA,RENAULT MASTER
SEL0E76,Pesado,MASTER 2.3 DCI FURGÃO 16V DIESEL,RENAULT MASTER CURTA,RENAULT MASTER
SEL1F32,Pesado,MASTER 2.3 DCI FURGÃO 16V DIESEL,RENAULT MASTER CURTA,RENAULT MASTER
SEL1F35,Pesado,MASTER 2.3 DCI FURGÃO 16V DIESEL,RENAULT MASTER CURTA,RENAULT MASTER
SEL1F39,Pesado,MASTER 2.3 DCI FURGÃO 16V DIESEL,RENAULT MASTER CURTA,RENAULT MASTER
SEL1F40,Pesado,MASTER 2.3 DCI FURGÃO 16V DIESEL,RENAULT MASTER CURTA,RENAULT MASTER
SEL1F42,Pesado,MASTER 2.3 DCI FURGÃO 16V DIESEL,RENAULT MASTER CURTA,RENAULT MASTER
SEL1F43,Pesado,MASTER 2.3 DCI FURGÃO 16V DIESEL,RENAULT MASTER CURTA,RENAULT MASTER
SEL1F45,Pesado,MASTER 2.3 DCI FURGÃO 16V DIESEL,RENAULT MASTER CURTA,RENAULT MASTER
SEL2B40,Pesado,MASTER 2.3 DCI FURGÃO 16V DIESEL,RENAULT MASTER CURTA,RENAULT MASTER
SEL5J83,Pesado,MASTER 2.3 DCI GRAND FURGÃO16V DIESEL,RENAULT MASTER,RENAULT MASTER
SEL5J84,Pesado,MASTER 2.3 DCI GRAND FURGÃO16V DIESEL,RENAULT MASTER,RENAULT MASTER
SEL5J85,Pesado,MASTER 2.3 DCI GRAND FURGÃO16V DIESEL,RENAULT MASTER,RENAULT MASTER
SEL5J86,Pesado,MASTER 2.3 DCI GRAND FURGÃO16V DIESEL,RENAULT MASTER,RENAULT MASTER
SEL5J90,Pesado,MASTER 2.3 DCI GRAND FURGÃO16V DIESEL,RENAULT MASTER,RENAULT MASTER
SEL7G42,Pesado,MASTER 2.3 DCI FURGÃO 16V DIESEL,RENAULT MASTER CURTA,RENAULT MASTER
SEN1C13,Leve,POLO TRACK 1.0 FLEX 12V 5P,VW POLO,VW POLO
SEN1C55,Leve,POLO TRACK 1.0 FLEX 12V 5P,VW POLO,VW POLO
SEN1C56,Leve,POLO TRACK 1.0 FLEX 12V 5P,VW POLO,VW POLO
SEN8A12,Caminhão6Ton,11-180 DELIVERY 4X2 2P (DIESEL)(E6),VW 11 180,CAMINHÃO 3/4
SEO2G25,Caminhão6Ton,11-180 DELIVERY 4X2 2P (DIESEL)(E6),VW 11 180,CAMINHÃO 3/4
SEO8J46,Caminhão17Ton,30-330 CONSTELLATION 8X2 2P (DIESEL)(E5),VOLVO VM 330,CAMINHÃO BITRUCK
SEP3C39,Médio,STRADA ENDURANCE 1.4 FLEX 8V CS PLUS,FIAT STRADA,FIAT STRADA
SEP6E11,Médio,SAVEIRO ROBUST 1.6 TOTAL FLEX 16V,VW SAVEIRO,VW SAVEIRO
SEP6E12,Médio,SAVEIRO ROBUST 1.6 TOTAL FLEX 16V,VW SAVEIRO,VW SAVEIRO
SEP6E14,Médio,SAVEIRO ROBUST 1.6 TOTAL FLEX 16V,VW SAVEIRO,VW SAVEIRO
SEP6E16,Médio,SAVEIRO ROBUST 1.6 TOTAL FLEX 16V,VW SAVEIRO,VW SAVEIRO
SEP6E17,Médio,SAVEIRO ROBUST 1.6 TOTAL FLEX 16V,VW SAVEIRO,VW SAVEIRO
SEP6E18,Médio,SAVEIRO ROBUST 1.6 TOTAL FLEX 16V,VW SAVEIRO,VW SAVEIRO
SEP6E19,Médio,SAVEIRO ROBUST 1.6 TOTAL FLEX 16V,VW SAVEIRO,VW SAVEIRO
SEP6E20,Médio,SAVEIRO ROBUST 1.6 TOTAL FLEX 16V,VW SAVEIRO,VW SAVEIRO
SEP6E21,Médio,SAVEIRO ROBUST 1.6 TOTAL FLEX 16V,VW SAVEIRO,VW SAVEIRO
SEP6E22,Médio,SAVEIRO ROBUST 1.6 TOTAL FLEX 16V,VW SAVEIRO,VW SAVEIRO
SEP6E23,Médio,SAVEIRO ROBUST 1.6 TOTAL FLEX 16V,VW SAVEIRO,VW SAVEIRO
SEP6E24,Médio,SAVEIRO ROBUST 1.6 TOTAL FLEX 16V,VW SAVEIRO,VW SAVEIRO
SEP6E26,Médio,SAVEIRO ROBUST 1.6 TOTAL FLEX 16V,VW SAVEIRO,VW SAVEIRO
SEP6E28,Médio,SAVEIRO ROBUST 1.6 TOTAL FLEX 16V,VW SAVEIRO,VW SAVEIRO
SEP6E30,Médio,SAVEIRO ROBUST 1.6 TOTAL FLEX 16V,VW SAVEIRO,VW SAVEIRO
SEP6E33,Médio,SAVEIRO ROBUST 1.6 TOTAL FLEX 16V,VW SAVEIRO,VW SAVEIRO
SEP6E34,Médio,SAVEIRO ROBUST 1.6 TOTAL FLEX 16V,VW SAVEIRO,VW SAVEIRO
SEP6E35,Médio,SAVEIRO ROBUST 1.6 TOTAL FLEX 16V,VW SAVEIRO,VW SAVEIRO
SEP6E36,Médio,SAVEIRO ROBUST 1.6 TOTAL FLEX 16V,VW SAVEIRO,VW SAVEIRO
SEP8G23,Pesado,MASTER 2.3 DCI EXTRA FURGÃO 16V DIESEL,RENAULT MASTER,RENAULT MASTER
SEP8G24,Pesado,MASTER 2.3 DCI EXTRA FURGÃO 16V DIESEL,RENAULT MASTER,RENAULT MASTER
SEQ4C62,Médio,STRADA ENDURANCE 1.4 FLEX 8V CS PLUS,FIAT STRADA,FIAT STRADA
SER6J04,Leve,CRONOS DRIVE 1.0 6V FLEX,FIAT CRONOS,FIAT CRONOS
SER6J08,Leve,CRONOS DRIVE 1.0 6V FLEX,FIAT CRONOS,FIAT CRONOS
SER6J12,Leve,CRONOS DRIVE 1.0 6V FLEX,FIAT CRONOS,FIAT CRONOS
SES0D47,Pesado,MASTER 2.3 DCI EXTRA FURGÃO 16V DIESEL,RENAULT MASTER,RENAULT MASTER
SES1B62,Pesado,MASTER 2.3 DCI CHASSI 16V DIESEL,RENAULT MASTER CHASSI,RENAULT MASTER
SES1B65,Pesado,MASTER 2.3 DCI CHASSI 16V DIESEL,RENAULT MASTER CHASSI,RENAULT MASTER
SES1G46,Leve,CRONOS DRIVE 1.0 6V FLEX,FIAT CRONOS,FIAT CRONOS
SES2D41,Caminhão17Ton,30-330 CONSTELLATION 8X2 2P (DIESEL)(E5),VOLVO VM 330,CAMINHÃO BITRUCK
SES4D42,Leve,CRONOS DRIVE 1.0 6V FLEX,FIAT CRONOS,FIAT CRONOS
SET4H66,Caminhão4.2Ton,HD80 3.0 16V (DIESEL)(E5),HY HD80,CAMINHÃO 3/4
SET9J51,Pesado,SPRINTER 417 CHASSI L.T.B. DIES. (E6),MB SPRINTER CHASSI,MB SPRINTER
SEU1E66,Caminhão4.2Ton,HD80 3.0 16V (DIESEL)(E5),HY HD80,CAMINHÃO 3/4
SEU2F72,Caminhão4.2Ton,HD80 3.0 16V (DIESEL)(E5),HY HD80,CAMINHÃO 3/4
SEU2F73,Caminhão4.2Ton,HD80 3.0 16V (DIESEL)(E5),HY HD80,CAMINHÃO 3/4
SEU2F74,Caminhão4.2Ton,HD80 3.0 16V (DIESEL)(E5),HY HD80,CAMINHÃO 3/4
SEV2J95,Leve,SPIN PREMIER 1.8 8V ECONO.FLEX 5P AUT.,GM SPIN,GM SPIN
SEW5B71,Caminhão17Ton,30-330 CONSTELLATION 8X2 2P (DIESEL)(E5),VOLVO VM 330,CAMINHÃO BITRUCK
SEW5B72,Caminhão17Ton,30-330 CONSTELLATION 8X2 2P (DIESEL)(E5),VOLVO VM 330,CAMINHÃO BITRUCK
SEY5E62,Pesado,MASTER 2.3 DCI GRAND FURGÃO16V DIESEL,RENAULT MASTER,RENAULT MASTER
SEY5E63,Pesado,MASTER 2.3 DCI GRAND FURGÃO16V DIESEL,RENAULT MASTER,RENAULT MASTER
SEY8A97,Caminhão7.5Ton,14-210 CONSTELLATION 4X2 2P (DIESEL)(E6),VW 14 210,CAMINHÃO TOCO
SEZ3A74,Pesado,MASTER 2.3 DCI CHASSI 16V DIESEL,RENAULT MASTER CHASSI,RENAULT MASTER
SEZ3A79,Pesado,MASTER 2.3 DCI CHASSI 16V DIESEL,RENAULT MASTER CHASSI,RENAULT MASTER
SEZ7E35,Médio,FIORINO ENDURANCE EVO 1.4 FLEX 8V 2P,FIAT FIORINO,FIAT FIORINO
SFA0J37,Pesado,MASTER 2.3 DCI CHASSI 16V DIESEL,RENAULT MASTER CHASSI,RENAULT MASTER
SFA0J40,Pesado,MASTER 2.3 DCI CHASSI 16V DIESEL,RENAULT MASTER CHASSI,RENAULT MASTER
SFA6I75,Pesado,MASTER 2.3 DCI GRAND FURGÃO16V DIESEL,RENAULT MASTER,RENAULT MASTER
SFA6I76,Pesado,MASTER 2.3 DCI GRAND FURGÃO16V DIESEL,RENAULT MASTER,RENAULT MASTER
SFA6I77,Pesado,MASTER 2.3 DCI GRAND FURGÃO16V DIESEL,RENAULT MASTER,RENAULT MASTER
SFA8J31,Leve,POLO TRACK 1.0 FLEX 12V 5P,VW POLO,VW POLO
SFC4I51,Leve,POLO 1.0 MPI FLEX 12V 5P,VW POLO,VW POLO
SFD2H30,Médio,SAVEIRO ROBUST 1.6 TOTAL FLEX 16V,VW SAVEIRO,VW SAVEIRO
SFD2H31,Médio,SAVEIRO ROBUST 1.6 TOTAL FLEX 16V,VW SAVEIRO,VW SAVEIRO
SFD2H32,Médio,SAVEIRO ROBUST 1.6 TOTAL FLEX 16V,VW SAVEIRO,VW SAVEIRO
SFD2H34,Médio,SAVEIRO ROBUST 1.6 TOTAL FLEX 16V,VW SAVEIRO,VW SAVEIRO
SFD2H37,Médio,SAVEIRO ROBUST 1.6 TOTAL FLEX 16V,VW SAVEIRO,VW SAVEIRO
SFD2H38,Médio,SAVEIRO ROBUST 1.6 TOTAL FLEX 16V,VW SAVEIRO,VW SAVEIRO
SFD3E84,Médio,STRADA ENDURANCE 1.3 FLEX 8V CS,FIAT STRADA,FIAT STRADA
SFD5C28,Pesado,SPRINTER 417 FURGÃO L.T.A. DIESEL (E6),MB SPRINTER,MB SPRINTER
SFD5C29,Pesado,SPRINTER 417 FURGÃO L.T.A. DIESEL (E6),MB SPRINTER,MB SPRINTER
SFD5C30,Pesado,SPRINTER 417 FURGÃO L.T.A. DIESEL (E6),MB SPRINTER,MB SPRINTER
SFD5C31,Pesado,SPRINTER 417 FURGÃO L.T.A. DIESEL (E6),MB SPRINTER,MB SPRINTER
SFD5C32,Pesado,SPRINTER 417 FURGÃO EXT. L.T.A DIE. (E6),MB SPRINTER,MB SPRINTER
SFD5C33,Pesado,SPRINTER 417 FURGÃO EXT. L.T.A DIE. (E6),MB SPRINTER,MB SPRINTER
SFD5C34,Pesado,SPRINTER 417 FURGÃO EXT. L.T.A DIE. (E6),MB SPRINTER,MB SPRINTER
SFD5C35,Pesado,SPRINTER 417 FURGÃO EXT. L.T.A DIE. (E6),MB SPRINTER,MB SPRINTER
SFD5C36,Pesado,SPRINTER 417 FURGÃO EXT. L.T.A DIE. (E6),MB SPRINTER,MB SPRINTER
SFD5C37,Pesado,SPRINTER 417 FURGÃO L.T.A. DIESEL (E6),MB SPRINTER,MB SPRINTER
SFD9G67,Caminhão4.2Ton,ACCELO 817 4X2 2P (DIESEL)(E6),MB ACCELO 817,CAMINHÃO 3/4
SFE8H54,Caminhão10.5Ton,ATEGO 1719 4X2 2P (DIESEL)(E6),MB ATEGO 1719,CAMINHÃO TOCO
SFE8H55,Caminhão10.5Ton,ATEGO 1719 4X2 2P (DIESEL)(E6),MB ATEGO 1719,CAMINHÃO TOCO
SFF3C30,Caminhão12Ton,VM 290 6X2 2P (DIESEL) (E6),VOLVO VM 290,CAMINHÃO TRUCK
SFF3C31,Pesado,SPRINTER 417 FURGÃO L.T.A. DIESEL (E6),MB SPRINTER,MB SPRINTER
SFF3C33,Pesado,SPRINTER 417 FURGÃO L.T.A. DIESEL (E6),MB SPRINTER,MB SPRINTER
SFF9H63,Pesado,SPRINTER 417 FURGÃO L.T.A. DIESEL (E6),MB SPRINTER,MB SPRINTER
SFF9H64,Pesado,SPRINTER 417 FURGÃO L.T.A. DIESEL (E6),MB SPRINTER,MB SPRINTER
SFF9H65,Pesado,SPRINTER 417 FURGÃO L.T.A. DIESEL (E6),MB SPRINTER,MB SPRINTER
SFF9H66,Pesado,SPRINTER 417 FURGÃO L.T.A. DIESEL (E6),MB SPRINTER,MB SPRINTER
SFF9H67,Pesado,SPRINTER 417 FURGÃO L.T.A. DIESEL (E6),MB SPRINTER,MB SPRINTER
SFF9H68,Pesado,SPRINTER 417 FURGÃO L.T.A. DIESEL (E6),MB SPRINTER,MB SPRINTER
SFF9H69,Pesado,SPRINTER 417 FURGÃO L.T.A. DIESEL (E6),MB SPRINTER,MB SPRINTER
SFF9H70,Pesado,SPRINTER 417 FURGÃO L.T.A. DIESEL (E6),MB SPRINTER,MB SPRINTER
SFH3I29,Caminhão4.2Ton,HD80 3.0 16V (DIESEL)(E5),HY HD80,CAMINHÃO 3/4
SFH5C96,Leve,POLO TRACK 1.0 FLEX 12V 5P,VW POLO,VW POLO
SFI4A19,Pesado,SPRINTER 417 FURGÃO L.T.A. DIESEL (E6),MB SPRINTER,MB SPRINTER
SFI4A20,Pesado,SPRINTER 417 FURGÃO L.T.A. DIESEL (E6),MB SPRINTER,MB SPRINTER
SFI4A34,Pesado,SPRINTER 417 FURGÃO L.T.A. DIESEL (E6),MB SPRINTER,MB SPRINTER
SFI4A35,Pesado,SPRINTER 417 FURGÃO L.T.A. DIESEL (E6),MB SPRINTER,MB SPRINTER
SFI4A36,Pesado,SPRINTER 417 FURGÃO L.T.A. DIESEL (E6),MB SPRINTER,MB SPRINTER
SFI4A38,Pesado,SPRINTER 417 FURGÃO L.T.A. DIESEL (E6),MB SPRINTER,MB SPRINTER
SFI5F67,Pesado,SPRINTER 417 FURGÃO L.T.A. DIESEL (E6),MB SPRINTER,MB SPRINTER
SFI6G49,Leve,VIRTUS TSI 1.0 FLEX 12V 4P AUT.,VW VIRTUS,VW VIRTUS
SFI6G52,Leve,VIRTUS TSI 1.0 FLEX 12V 4P AUT.,VW VIRTUS,VW VIRTUS
SFI6G54,Leve,VIRTUS TSI 1.0 FLEX 12V 4P AUT.,VW VIRTUS,VW VIRTUS
SFI6G56,Leve,VIRTUS TSI 1.0 FLEX 12V 4P AUT.,VW VIRTUS,VW VIRTUS
SFI6J88,Pesado,SPRINTER 417 FURGÃO L.T.A. DIESEL (E6),MB SPRINTER,MB SPRINTER
SFI6J89,Pesado,SPRINTER 417 FURGÃO L.T.A. DIESEL (E6),MB SPRINTER,MB SPRINTER
SFJ4D58,Pesado,SPRINTER 417 FURGÃO L.T.A. DIESEL (E6),MB SPRINTER,MB SPRINTER
SFJ4D59,Pesado,SPRINTER 417 FURGÃO EXT. L.T.A DIE. (E6),MB SPRINTER,MB SPRINTER
SFJ5H71,Caminhão12Ton,VM 290 6X2 2P (DIESEL) (E6),VOLVO VM 290,CAMINHÃO TRUCK
SFJ5H72,Caminhão12Ton,VM 290 6X2 2P (DIESEL) (E6),VOLVO VM 290,CAMINHÃO TRUCK
SFK1E38,Caminhão4.2Ton,HD80 3.0 16V (DIESEL)(E5),HY HD80,CAMINHÃO 3/4
SFK1E48,Caminhão4.2Ton,HD80 3.0 16V (DIESEL)(E5),HY HD80,CAMINHÃO 3/4
SFK1E50,Caminhão9Ton,ATEGO 1419 4X2 2P (DIESEL)(E6),MB ATEGO 1419,"MB ATEGO 1419"""
SFL1E46,Leve,POLO TRACK 1.0 FLEX 12V 5P,VW POLO,VW POLO
SFL2F07,Caminhão4.2Ton,HD80 3.0 16V (DIESEL)(E5),HY HD80,CAMINHÃO 3/4
SFL3H42,Caminhão4.2Ton,HD80 3.0 16V (DIESEL)(E5),HY HD80,CAMINHÃO 3/4
SFL9J84,Pesado,SPRINTER 417 FURGÃO CURTO T.B. DIE. (E6),MB SPRINTER,MB SPRINTER
SFM2I59,Caminhão5.5Ton,ACCELO 1017 4X2 2P (DIESEL) (E6),MB ACCELO 1017,CAMINHÃO 3/4
SFM3H28,Caminhão5.5Ton,ACCELO 1017 4X2 2P (DIESEL) (E6),MB ACCELO 1017,CAMINHÃO 3/4
SFM3H30,Caminhão5.5Ton,ACCELO 1017 4X2 2P (DIESEL) (E6),MB ACCELO 1017,CAMINHÃO 3/4
SFM3H31,Caminhão5.5Ton,ACCELO 1017 4X2 2P (DIESEL) (E6),MB ACCELO 1017,CAMINHÃO 3/4
SFM3H34,Caminhão5.5Ton,ACCELO 1017 4X2 2P (DIESEL) (E6),MB ACCELO 1017,CAMINHÃO 3/4
SFM3H40,Pesado,SPRINTER 417 FURGÃO CURTO T.B. DIE. (E6),MB SPRINTER,MB SPRINTER
SFM3H41,Pesado,SPRINTER 417 FURGÃO CURTO T.B. DIE. (E6),MB SPRINTER,MB SPRINTER
SFM3H42,Pesado,SPRINTER 417 FURGÃO CURTO T.B. DIE. (E6),MB SPRINTER,MB SPRINTER
SFM3H44,Pesado,SPRINTER 417 FURGÃO CURTO T.B. DIE. (E6),MB SPRINTER,MB SPRINTER
SFM3H45,Pesado,SPRINTER 417 FURGÃO CURTO T.B. DIE. (E6),MB SPRINTER,MB SPRINTER
SFM3H46,Pesado,SPRINTER 417 FURGÃO CURTO T.B. DIE. (E6),MB SPRINTER,MB SPRINTER
SFM3H48,Pesado,SPRINTER 417 FURGÃO CURTO T.B. DIE. (E6),MB SPRINTER,MB SPRINTER
SFM3H49,Pesado,SPRINTER 417 FURGÃO CURTO T.B. DIE. (E6),MB SPRINTER,MB SPRINTER
SFM3H52,Pesado,SPRINTER 417 FURGÃO CURTO T.B. DIE. (E6),MB SPRINTER,MB SPRINTER
SFM3H54,Pesado,SPRINTER 417 FURGÃO CURTO T.B. DIE. (E6),MB SPRINTER,MB SPRINTER
SFN2E86,Pesado,SPRINTER 417 FURGÃO CURTO T.B. DIE. (E6),MB SPRINTER,MB SPRINTER
SFN8F94,Caminhão12Ton,VM 290 6X2 2P (DIESEL) (E6),VOLVO VM 290,CAMINHÃO TRUCK
TAJ3D96,Caminhão10.5Ton,17-210 CONSTELLATION 4X2 2P (DIESEL)(E6),VW 17 210,CAMINHÃO TOCO
TAJ6B89,Médio,STRADA ENDURANCE 1.3 FLEX 8V CS,FIAT STRADA,FIAT STRADA
TAP2C35,Pesado,SPRINTER 417 FURGÃO L.T.A. DIESEL (E6),MB SPRINTER,MB SPRINTER
TAP2C36,Pesado,SPRINTER 417 FURGÃO L.T.A. DIESEL (E6),MB SPRINTER,MB SPRINTER
TAP2C38,Pesado,SPRINTER 417 FURGÃO L.T.A. DIESEL (E6),MB SPRINTER,MB SPRINTER
TAP2C39,Pesado,SPRINTER 417 FURGÃO L.T.A. DIESEL (E6),MB SPRINTER,MB SPRINTER
TAP2C40,Pesado,SPRINTER 417 FURGÃO L.T.A. DIESEL (E6),MB SPRINTER,MB SPRINTER
TAP3G60,Pesado,SPRINTER 417 FURGÃO EXT. L.T.A DIE. (E6),MB SPRINTER,MB SPRINTER
TAS4G97,Pesado,SPRINTER 417 FURGÃO L.T.A. DIESEL (E6),MB SPRINTER,MB SPRINTER
TAS4G98,Pesado,SPRINTER 417 FURGÃO L.T.A. DIESEL (E6),MB SPRINTER,MB SPRINTER
TAS4G99,Pesado,SPRINTER 417 FURGÃO L.T.A. DIESEL (E6),MB SPRINTER,MB SPRINTER
TAS4H01,Pesado,SPRINTER 417 FURGÃO L.T.A. DIESEL (E6),MB SPRINTER,MB SPRINTER
TAS4H02,Pesado,SPRINTER 417 FURGÃO L.T.A. DIESEL (E6),MB SPRINTER,MB SPRINTER
TAS4H03,Pesado,SPRINTER 417 FURGÃO L.T.A. DIESEL (E6),MB SPRINTER,MB SPRINTER
TAS4H04,Pesado,SPRINTER 417 FURGÃO L.T.A. DIESEL (E6),MB SPRINTER,MB SPRINTER
TAS4H06,Pesado,SPRINTER 417 FURGÃO L.T.A. DIESEL (E6),MB SPRINTER,MB SPRINTER
TAS4H09,Pesado,SPRINTER 517 F. EXT. L. T.A. DIE. (E6),MB SPRINTER,MB SPRINTER
TAS4H11,Pesado,SPRINTER 417 FURGÃO L.T.A. DIESEL (E6),MB SPRINTER,MB SPRINTER
TAS4H12,Pesado,SPRINTER 417 FURGÃO L.T.A. DIESEL (E6),MB SPRINTER,MB SPRINTER
TAS4H20,Pesado,SPRINTER 517 F. EXT. L. T.A. DIE. (E6),MB SPRINTER,MB SPRINTER
TAV9E95,Caminhão10.5Ton,ATEGO 1719 4X2 2P (DIESEL)(E6),MB ATEGO 1719,CAMINHÃO TOCO
TAV9E96,Caminhão10.5Ton,ATEGO 1719 4X2 2P (DIESEL)(E6),MB ATEGO 1719,CAMINHÃO TOCO
TAW2B27,Caminhão6Ton,11-180 DELIVERY 4X2 2P (DIESEL)(E6),VW 11 180 DRC 4X2,CAMINHÃO 3/4
TAW3H21,Pesado,SPRINTER 417 FURGÃO L.T.A. DIESEL (E6),MB SPRINTER,MB SPRINTER
TAW3H22,Pesado,SPRINTER 417 FURGÃO L.T.A. DIESEL (E6),MB SPRINTER,MB SPRINTER
TAW7H30,Caminhão6Ton,11-180 DELIVERY 4X2 2P (DIESEL)(E6),VW 11 180 DRC 4X2,CAMINHÃO 3/4
TAW7H31,Caminhão10.5Ton,ATEGO 1719 4X2 2P (DIESEL)(E6),MB ATEGO 1719,CAMINHÃO TOCO
TAX5J72,Caminhão10.5Ton,ATEGO 1719 4X2 2P (DIESEL)(E6),MB ATEGO 1719,CAMINHÃO TOCO
TAZ4A46,Pesado,MASTER 2.3 DCI GRAND FURGÃO16V DIESEL,RENAULT MASTER,RENAULT MASTER
TAZ4A48,Pesado,MASTER 2.3 DCI GRAND FURGÃO16V DIESEL,RENAULT MASTER,RENAULT MASTER
TAZ4A49,Pesado,MASTER 2.3 DCI GRAND FURGÃO16V DIESEL,RENAULT MASTER,RENAULT MASTER
TAZ7D64,Pesado,MASTER 2.3 DCI FURGÃO 16V DIESEL,RENAULT MASTER,RENAULT MASTER
TAZ7D65,Pesado,MASTER 2.3 DCI FURGÃO 16V DIESEL,RENAULT MASTER,RENAULT MASTER
TBA7D21,Pesado,SPRINTER 517 F. EXT. L. T.A. DIE. (E6),MB SPRINTER,MB SPRINTER
TBG7A10,Caminhão12Ton,ATEGO 2429 6X2 2P (DIESEL)(E6),MB ATEGO 2430,CAMINHÃO TOCO
TBG7A13,Caminhão12Ton,ATEGO 2429 6X2 2P (DIESEL)(E6),MB ATEGO 2430,CAMINHÃO TOCO
TBK1J24,Pesado,SPRINTER 517 F. EXT. L.P.T.A. DIE. (E6),MB SPRINTER,MB SPRINTER
BDE5I40,Pesado,SPRINTER 515 FURGÃO E.L.T. ALTO 2.2 DIE.,MB SPRINTER,MB SPRINTER
BDZ5E70,Moto,CG 160 START,CG 160 START,CG 160 START
BEY4C18,Caminhão9Ton,13-180 DELIVERY 6X2 2P (DIESEL)(E5),VW 13 180 DRC,CAMINHÃO TOCO
RHS8D28,Médio,FIORINO ENDURANCE EVO 1.4 FLEX 8V 2P,FIAT FIORINO,FIAT FIORINO
RHS8D36,Médio,FIORINO ENDURANCE EVO 1.4 FLEX 8V 2P,FIAT FIORINO,FIAT FIORINO
SDU9E81,Médio,SAVEIRO ROBUST 1.6 TOTAL FLEX 16V,VW SAVEIRO,VW SAVEIRO
SDU9F92,Médio,SAVEIRO ROBUST 1.6 TOTAL FLEX 16V,VW SAVEIRO,VW SAVEIRO
SDU9G03,Médio,SAVEIRO ROBUST 1.6 TOTAL FLEX 16V,VW SAVEIRO,VW SAVEIRO
SEI5B88,Médio,SAVEIRO ROBUST 1.6 TOTAL FLEX 16V,VW SAVEIRO,VW SAVEIRO
SEP6E15,Médio,SAVEIRO ROBUST 1.6 TOTAL FLEX 16V,VW SAVEIRO,VW SAVEIRO
SEH4I03,Pesado,MASTER 2.3 DCI EXTRA FURGÃO 16V DIESEL,RENAULT MASTER CURTA,RENAULT MASTER
SEU3H09,Caminhão4.2Ton,HD80 3.0 16V (DIESEL)(E5),HY HD80,CAMINHÃO 3/4
SEC7A68,Leve,ARGO 1.0 6V FLEX.,FIAT ARGO,FIAT ARGO
TBK1J34,Pesado,SPRINTER 517 F. EXT. L.P.T.A. DIE. (E6),MB SPRINTER,MB SPRINTER
TBK1J46,Pesado,SPRINTER 517 F. EXT. L.P.T.A. DIE. (E6),MB SPRINTER,MB SPRINTER
TBE5I67,Médio,SAVEIRO ROBUST 1.6 TOTAL FLEX 16V,VW SAVEIRO,VW SAVEIRO
TBE5I64,Médio,SAVEIRO ROBUST 1.6 TOTAL FLEX 16V,VW SAVEIRO,VW SAVEIRO
TBE5I62,Médio,SAVEIRO ROBUST 1.6 TOTAL FLEX 16V,VW SAVEIRO,VW SAVEIRO
TBE5I65,Médio,SAVEIRO ROBUST 1.6 TOTAL FLEX 16V,VW SAVEIRO,VW SAVEIRO
TBE5I66,Médio,SAVEIRO ROBUST 1.6 TOTAL FLEX 16V,VW SAVEIRO,VW SAVEIRO
TBE5I63,Médio,SAVEIRO ROBUST 1.6 TOTAL FLEX 16V,VW SAVEIRO,VW SAVEIRO
SDT4B08,Médio,STRADA ENDURANCE 1.4 FLEX 8V CS PLUS,FIAT STRADA,FIAT STRADA
SFD5C40,Médio,STRADA ENDURANCE 1.3 FLEX 8V CS,FIAT STRADA,FIAT STRADA
TAI4I92,Médio,STRADA ENDURANCE 1.3 FLEX 8V CS,FIAT STRADA,FIAT STRADA
SEE9I35,Médio,STRADA ENDURANCE 1.4 FLEX 8V CS PLUS,FIAT STRADA,FIAT STRADA
SDX2A65,Médio,PARTNER RAPID BUSIN.1.4 FLEX MEC.,PEUGEOT,PEUGEOT PARTNER
SFA8I75,Leve,POLO TRACK 1.0 FLEX 12V 5P,VW POLO,VW POLO
SEC5E64,Médio,STRADA ENDURANCE 1.4 FLEX 8V CS PLUS,FIAT STRADA,FIAT STRADA
SEP8G12,Médio,STRADA ENDURANCE 1.4 FLEX 8V CS PLUS,FIAT STRADA,FIAT STRADA
TBQ1G07,Pesado,MASTER 2.3 DCI GRAND FURGÃO16V DIESEL,RENAULT MASTER,RENAULT MASTER
TBS6E45,Caminhão12Ton,VM 290 6X2 2P (DIESEL) (E6),VOLVO VM 290,CAMINHÃO TRUCK
TBJ8E28,Médio,FIORINO ENDURANCE 1.3 FLEX 8V 2P,FIAT FIORINO,FIAT FIORINO
TBQ1G09,Pesado,MASTER 2.3 DCI GRAND FURGÃO16V DIESEL,RENAULT MASTER,RENAULT MASTER
SDW2F08,Médio,STRADA ENDURANCE 1.4 FLEX 8V CS PLUS,FIAT STRADA,FIAT STRADA
SEP8F99,Médio,STRADA ENDURANCE 1.4 FLEX 8V CS PLUS,FIAT STRADA,FIAT STRADA
TBQ1G10,Pesado,MASTER 2.3 DCI GRAND FURGÃO16V DIESEL,RENAULT MASTER,RENAULT MASTER
TBQ1G12,Pesado,MASTER 2.3 DCI GRAND FURGÃO16V DIESEL,RENAULT MASTER,RENAULT MASTER
TAX6J56,Médio,FIORINO ENDURANCE EVO 1.4 FLEX 8V 2P,FIAT FIORINO,FIAT FIORINO
TBQ1G08,Pesado,MASTER 2.3 DCI GRAND FURGÃO16V DIESEL,RENAULT MASTER,RENAULT MASTER
SER6J18,Leve,CRONOS DRIVE 1.0 6V FLEX,FIAT CRONOS,FIAT CRONOS
BEB5D93,Leve,VOYAGE 1.6 MSI FLEX 8V 4P,VW VOYAGE,VW VOYAGE
SDT8J77,Médio,STRADA ENDURANCE 1.4 FLEX 8V CS PLUS,FIAT STRADA,FIAT STRADA
SDW2G50,Médio,STRADA ENDURANCE 1.4 FLEX 8V CS PLUS,FIAT STRADA,FIAT STRADA
TAN3H91,Médio,STRADA ENDURANCE 1.3 FLEX 8V CS,FIAT STRADA,FIAT STRADA
SFE4B63,Médio,STRADA ENDURANCE 1.3 FLEX 8V CS,FIAT STRADA,FIAT STRADA
SES1H28,Leve,CRONOS DRIVE 1.0 6V FLEX,VW GOL 1 0,VW GOL
TBW9G12,Caminhão12Ton,26-260 CONSTELLATION 6X2 2P (DIESEL)(E6),VOLVO VM 290,CAMINHÃO TRUCK
SDT4A76,Médio,STRADA ENDURANCE 1.4 FLEX 8V CS PLUS,FIAT STRADA,FIAT STRADA
SDT4B61,Médio,STRADA ENDURANCE 1.4 FLEX 8V CS PLUS,FIAT STRADA,FIAT STRADA
SDT4B56,Médio,STRADA ENDURANCE 1.4 FLEX 8V CS PLUS,FIAT STRADA,FIAT STRADA
SFI6G50,Leve,VIRTUS TSI 1.0 FLEX 12V 4P AUT.,VW VIRTUS,VW VIRTUS
SFA8J05,Leve,POLO TRACK 1.0 FLEX 12V 5P,VW POLO,VW POLO
RHF1B93,Leve,UNO DRIVE 1.0 FLEX 6V 5P,FIAT UNO,FIAT UNO
TBZ6H92,Pesado,SPIN LTZ 1.8 8V ECONO.FLEX 5P AUT.,MB SPRINTER,MB SPRINTER
SFN4F71,Médio,STRADA ENDURANCE 1.3 FLEX 8V CS PLUS,FIAT STRADA,FIAT STRADA
SFK0F56,Médio,STRADA ENDURANCE 1.3 FLEX 8V CS,FIAT STRADA,FIAT STRADA
SFN1H57,Médio,STRADA ENDURANCE 1.3 FLEX 8V CS,FIAT STRADA,FIAT STRADA
SFN1H25,Médio,STRADA ENDURANCE 1.3 FLEX 8V CS,FIAT STRADA,FIAT STRADA
UAV5J69,Médio,STRADA ENDURANCE 1.3 FLEX 8V CS,FIAT STRADA,FIAT STRADA
UAV5J71,Médio,STRADA ENDURANCE 1.3 FLEX 8V CS,FIAT STRADA,FIAT STRADA
UAV5J73,Médio,STRADA ENDURANCE 1.3 FLEX 8V CS,FIAT STRADA,FIAT STRADA
UAV5J75,Médio,STRADA ENDURANCE 1.3 FLEX 8V CS,FIAT STRADA,FIAT STRADA
SFL2F19,Médio,STRADA ENDURANCE 1.3 FLEX 8V CS,FIAT STRADA,FIAT STRADA
SEG5A93,Leve,POLO TRACK 1.0 FLEX 12V 5P,VW POLO,VW POLO
UBA9H32,Pesado,MASTER 2.3 DCI EXTRA FURGÃO 16V DIESEL,RENAULT MASTER,RENAULT MASTER
UBA9H34,Pesado,MASTER 2.3 DCI EXTRA FURGÃO 16V DIESEL,RENAULT MASTER,RENAULT MASTER
UBC1A56,Pesado,SPRINTER 517 F. EXT. L.P.T.A. DIE. (E6),MB SPRINTER,MB SPRINTER
SFD5C38,Médio,STRADA ENDURANCE 1.3 FLEX 8V CS,FIAT STRADA,FIAT STRADA
SFJ4D49,Médio,STRADA ENDURANCE 1.3 FLEX 8V CS,FIAT STRADA,FIAT STRADA
UBF1G83,Pesado,MASTER 2.3 DCI GRAND FURGÃO16V DIESEL,RENAULT MASTER,RENAULT MASTER
UBF1G84,Pesado,MASTER 2.3 DCI GRAND FURGÃO16V DIESEL,RENAULT MASTER,RENAULT MASTER
UBF1G86,Pesado,MASTER 2.3 DCI GRAND FURGÃO16V DIESEL,RENAULT MASTER,RENAULT MASTER
SEP3C30,Médio,STRADA ENDURANCE 1.4 FLEX 8V CS PLUS,FIAT STRADA,FIAT STRADA
